,bowl_innings,balls_bowled,runs_given,wickets,economy,bowl_avg,bowl_sr,BBI,3w,4w,5w,0w,pct_of_getting_wicket_each_match,runs_given_in_pp,balls_bowled_in_pp,wickets_taken_in_pp,runs_given_in_mo,balls_bowled_in_mo,wickets_taken_in_mo,runs_given_in_death,balls_bowled_in_death,wickets_taken_in_death,economy_in_pp,economy_in_mo,economy_in_death,bowl_avg_in_pp,bowl_avg_in_mo,bowl_avg_in_death,bowl_sr_in_pp,bowl_sr_in_mo,bowl_sr_in_death,runs_given_in_first_innings,balls_bowled_in_first_innings,wickets_taken_in_first_innings,runs_given_in_second_innings,balls_bowled_in_second_innings,wickets_taken_in_second_innings,economy_in_first_innings,economy_in_second_innings,bowl_avg_in_first_innings,bowl_avg_in_second_innings,bowl_sr_in_first_innings,bowl_sr_in_second_innings
A Ashish Reddy,20,262,396,18,9.07,22.0,14.56,3/25,1,0,0,6,70.0,20,6,0,209,155,7,167,101,11,20.0,8.09,9.92,0.0,29.86,15.18,0.0,22.14,9.18,145,95,7,251,167,11,9.16,9.02,20.71,22.82,13.57,15.18
A Badoni,2,12,11,2,5.5,5.5,6.0,1/5,0,0,0,0,100.0,0,0,0,11,12,2,0,0,0,0.0,5.5,0.0,0.0,5.5,0.0,0.0,6.0,0.0,5,6,1,6,6,1,5.0,6.0,5.0,6.0,6.0,6.0
A Chandila,12,234,242,11,6.21,22.0,21.27,4/13,0,1,0,6,50.0,137,144,10,99,84,1,6,6,0,5.71,7.07,6.0,13.7,99.0,0.0,14.4,84.0,0.0,142,120,3,100,114,8,7.1,5.26,47.33,12.5,40.0,14.25
A Choudhary,5,101,144,5,8.55,28.8,20.2,2/17,0,0,0,1,80.0,46,36,3,58,41,1,40,24,1,7.67,8.49,10.0,15.33,58.0,40.0,12.0,41.0,24.0,72,48,3,72,53,2,9.0,8.15,24.0,36.0,16.0,26.5
A Dananjaya,1,24,47,0,11.75,0.0,0.0,0/47,0,0,0,1,0.0,12,6,0,35,18,0,0,0,0,12.0,11.67,0.0,0.0,0.0,0.0,0.0,0.0,0.0,0,0,0,47,24,0,0.0,11.75,0.0,0.0,0.0,0.0
A Flintoff,3,66,105,2,9.55,52.5,33.0,1/11,0,0,0,1,66.67,21,12,0,26,30,1,58,24,1,10.5,5.2,14.5,0.0,26.0,58.0,0.0,30.0,24.0,94,48,1,11,18,1,11.75,3.67,94.0,11.0,48.0,18.0
A Kumble,42,965,1058,45,6.58,23.51,21.44,5/5,2,2,1,17,59.52,88,108,3,758,690,25,212,167,17,4.89,6.59,7.62,29.33,30.32,12.47,36.0,27.6,9.82,646,578,27,412,387,18,6.71,6.39,23.93,22.89,21.41,21.5
A Mishra,154,3245,3976,166,7.35,23.95,19.55,5/17,12,4,1,55,64.29,172,138,6,3020,2610,121,784,497,39,7.48,6.94,9.46,28.67,24.96,20.1,23.0,21.57,12.74,1836,1494,67,2140,1751,99,7.37,7.33,27.4,21.62,22.3,17.69
A Mithun,16,288,472,7,9.83,67.43,41.14,2/37,0,0,0,10,37.5,103,66,1,215,144,2,154,78,4,9.36,8.96,11.85,103.0,107.5,38.5,66.0,72.0,19.5,291,174,5,181,114,2,10.03,9.53,58.2,90.5,34.8,57.0
A Nehra,88,1908,2495,106,7.85,23.54,18.0,4/10,13,1,0,26,70.45,1366,1093,40,351,288,12,778,527,54,7.5,7.31,8.86,34.15,29.25,14.41,27.32,24.0,9.76,1281,967,59,1214,941,47,7.95,7.74,21.71,25.83,16.39,20.02
A Nel,1,18,31,1,10.33,31.0,18.0,1/31,0,0,0,0,100.0,12,6,1,11,6,0,8,6,0,12.0,11.0,8.0,12.0,0.0,0.0,6.0,0.0,0.0,0,0,0,31,18,1,0.0,10.33,0.0,31.0,0.0,18.0
A Nortje,30,682,916,43,8.06,21.3,15.86,3/33,3,0,0,5,83.33,379,306,15,181,122,9,356,254,19,7.43,8.9,8.41,25.27,20.11,18.74,20.4,13.56,13.37,380,264,18,536,418,25,8.64,7.69,21.11,21.44,14.67,16.72
A Singh,23,473,620,28,7.86,22.14,16.89,4/19,2,1,0,7,69.57,295,264,11,57,48,1,268,161,16,6.7,7.12,9.99,26.82,57.0,16.75,24.0,48.0,10.06,349,264,17,271,209,11,7.93,7.78,20.53,24.64,15.53,19.0
A Symonds,30,527,674,20,7.67,33.7,26.35,3/21,1,0,0,15,50.0,106,114,4,423,330,11,145,83,5,5.58,7.69,10.48,26.5,38.45,29.0,28.5,30.0,16.6,325,282,10,349,245,10,6.91,8.55,32.5,34.9,28.2,24.5
A Uniyal,2,36,66,2,11.0,33.0,18.0,2/41,0,0,0,1,50.0,22,12,1,18,6,0,26,18,1,11.0,18.0,8.67,22.0,0.0,26.0,12.0,0.0,18.0,41,24,2,25,12,0,10.25,12.5,20.5,0.0,12.0,0.0
A Zampa,14,287,370,21,7.74,17.62,13.67,6/19,1,0,0,3,78.57,8,6,0,268,228,11,94,53,10,8.0,7.05,10.64,0.0,24.36,9.4,0.0,20.73,5.3,253,203,17,117,84,4,7.48,8.36,14.88,29.25,11.94,21.0
AA Chavan,13,248,326,8,7.89,40.75,31.0,2/23,0,0,0,7,46.15,155,144,3,139,90,2,32,14,3,6.46,9.27,13.71,51.67,69.5,10.67,48.0,45.0,4.67,134,102,2,192,146,6,7.88,7.89,67.0,32.0,51.0,24.33
AA Jhunjhunwala,10,85,129,1,9.11,129.0,85.0,1/13,0,0,0,9,10.0,47,30,0,80,54,1,2,1,0,9.4,8.89,12.0,0.0,80.0,0.0,0.0,54.0,0.0,103,72,1,26,13,0,8.58,12.0,103.0,0.0,72.0,0.0
AA Kazi,1,12,21,0,10.5,0.0,0.0,0/21,0,0,0,1,0.0,0,0,0,21,12,0,0,0,0,0.0,10.5,0.0,0.0,0.0,0.0,0.0,0.0,0.0,21,12,0,0,0,0,10.5,0.0,0.0,0.0,0.0,0.0
AA Noffke,1,24,40,1,10.0,40.0,24.0,1/40,0,0,0,0,100.0,22,6,0,7,6,0,11,12,1,22.0,7.0,5.5,0.0,0.0,11.0,0.0,0.0,12.0,40,24,1,0,0,0,10.0,0.0,40.0,0.0,24.0,0.0
AB Agarkar,42,782,1151,29,8.83,39.69,26.97,3/25,1,0,0,22,47.62,285,180,6,560,420,16,306,182,7,9.5,8.0,10.09,47.5,35.0,43.71,30.0,26.25,26.0,481,302,12,670,480,17,9.56,8.38,40.08,39.41,25.17,28.24
AB Dinda,75,1516,2073,69,8.2,30.04,21.97,4/18,4,1,0,30,60.0,991,810,33,321,294,10,761,412,26,7.34,6.55,11.08,30.03,32.1,29.27,24.55,29.4,15.85,1245,864,37,828,652,32,8.65,7.62,33.65,25.88,23.35,20.38
AB McDonald,10,186,261,11,8.42,23.73,16.91,2/25,0,0,0,3,70.0,64,42,3,146,114,5,51,30,3,9.14,7.68,10.2,21.33,29.2,17.0,14.0,22.8,10.0,107,72,4,154,114,7,8.92,8.11,26.75,22.0,18.0,16.29
AC Gilchrist,1,1,0,1,0.0,0.0,1.0,1/0,0,0,0,0,100.0,0,0,0,0,0,0,0,1,1,0.0,0.0,0.0,0.0,0.0,0.0,0.0,0.0,1.0,0,0,0,0,1,1,0.0,0.0,0.0,0.0,0.0,1.0
AC Thomas,15,315,406,14,7.73,29.0,22.5,3/22,1,0,0,6,60.0,191,180,7,22,24,3,193,111,4,6.37,5.5,10.43,27.29,7.33,48.25,25.71,8.0,27.75,251,180,8,155,135,6,8.37,6.89,31.38,25.83,22.5,22.5
AC Voges,7,54,76,0,8.44,0.0,0.0,0/5,0,0,0,7,0.0,26,12,0,45,36,0,5,6,0,13.0,7.5,5.0,0.0,0.0,0.0,0.0,0.0,0.0,18,18,0,58,36,0,6.0,9.67,0.0,0.0,0.0,0.0
AD Mascarenhas,13,308,356,19,6.94,18.74,16.21,5/25,1,0,1,4,69.23,204,168,12,110,114,5,42,26,2,7.29,5.79,9.69,17.0,22.0,21.0,14.0,22.8,13.0,214,188,15,142,120,4,6.83,7.1,14.27,35.5,12.53,30.0
AD Mathews,44,791,1079,27,8.18,39.96,29.3,4/19,1,1,0,24,45.45,183,126,6,673,510,12,223,155,9,8.71,7.92,8.63,30.5,56.08,24.78,21.0,42.5,17.22,460,366,11,619,425,16,7.54,8.74,41.82,38.69,33.27,26.56
AD Russell,89,1430,2179,89,9.14,24.48,16.07,5/15,7,2,1,36,59.55,489,365,18,902,628,32,788,437,39,8.04,8.62,10.82,27.17,28.19,20.21,20.28,19.62,11.21,1308,884,59,871,546,30,8.88,9.57,22.17,29.03,14.98,18.2
AF Milne,10,207,327,8,9.48,40.88,25.88,2/21,0,0,0,5,50.0,153,96,3,85,54,1,89,57,4,9.56,9.44,9.37,51.0,85.0,22.25,32.0,54.0,14.25,131,96,6,196,111,2,8.19,10.59,21.83,98.0,16.0,55.5
AG Murtaza,12,264,313,9,7.11,34.78,29.33,3/15,1,0,0,7,41.67,52,78,2,211,162,7,50,24,0,4.0,7.81,12.5,26.0,30.14,0.0,39.0,23.14,0.0,121,96,3,192,168,6,7.56,6.86,40.33,32.0,32.0,28.0
AJ Finch,5,43,67,1,9.35,67.0,43.0,1/11,0,0,0,4,20.0,3,6,0,58,30,1,6,7,0,3.0,11.6,5.14,0.0,58.0,0.0,0.0,30.0,0.0,40,18,1,27,25,0,13.33,6.48,40.0,0.0,18.0,0.0
AJ Tye,30,685,978,42,8.57,23.29,16.31,5/17,1,3,1,11,63.33,253,192,11,275,204,7,450,289,24,7.91,8.09,9.34,23.0,39.29,18.75,17.45,29.14,12.04,578,421,31,400,264,11,8.24,9.09,18.65,36.36,13.58,24.0
AK Markram,6,60,87,1,8.7,87.0,60.0,1/8,0,0,0,5,16.67,18,18,0,69,42,1,0,0,0,6.0,9.86,0.0,0.0,69.0,0.0,0.0,42.0,0.0,69,42,1,18,18,0,9.86,6.0,69.0,0.0,42.0,0.0
AL Menaria,12,110,144,3,7.85,48.0,36.67,2/20,0,0,0,10,16.67,55,48,1,41,42,2,48,20,0,6.88,5.86,14.4,55.0,20.5,0.0,48.0,21.0,0.0,74,60,2,70,50,1,7.4,8.4,37.0,70.0,30.0,50.0
AM Nayar,19,229,322,9,8.44,35.78,25.44,3/13,1,0,0,12,36.84,10,6,0,303,217,8,9,6,1,10.0,8.38,9.0,0.0,37.88,9.0,0.0,27.12,6.0,133,78,2,189,151,7,10.23,7.51,66.5,27.0,39.0,21.57
AM Rahane,1,6,5,1,5.0,5.0,6.0,1/5,0,0,0,0,100.0,0,0,0,5,6,1,0,0,0,0.0,5.0,0.0,0.0,5.0,0.0,0.0,6.0,0.0,5,6,1,0,0,0,5.0,0.0,5.0,0.0,6.0,0.0
AM Salvi,7,150,200,7,8.0,28.57,21.43,2/19,0,0,0,2,71.43,77,66,1,77,54,4,46,30,2,7.0,8.56,9.2,77.0,19.25,23.0,66.0,13.5,15.0,110,84,5,90,66,2,7.86,8.18,22.0,45.0,16.8,33.0
AN Ahmed,17,344,498,12,8.69,41.5,28.67,2/13,0,0,0,8,52.94,173,138,3,149,114,3,176,92,6,7.52,7.84,11.48,57.67,49.67,29.33,46.0,38.0,15.33,309,210,10,189,134,2,8.83,8.46,30.9,94.5,21.0,67.0
AP Dole,3,66,112,5,10.18,22.4,13.2,2/36,0,0,0,0,100.0,62,30,2,28,24,2,22,12,1,12.4,7.0,11.0,31.0,14.0,22.0,15.0,12.0,12.0,70,42,3,42,24,2,10.0,10.5,23.33,21.0,14.0,12.0
AR Patel,121,2553,3083,101,7.25,30.52,25.28,4/21,3,1,0,49,59.5,523,426,13,2083,1799,67,477,328,21,7.37,6.95,8.73,40.23,31.09,22.71,32.77,26.85,15.62,1620,1296,48,1463,1257,53,7.5,6.98,33.75,27.6,27.0,23.72
AS Joseph,12,232,351,13,9.08,27.0,17.85,6/12,0,0,0,5,58.33,129,78,2,137,90,3,85,64,8,9.92,9.13,7.97,64.5,45.67,10.62,39.0,30.0,8.0,216,138,6,135,94,7,9.39,8.62,36.0,19.29,23.0,13.43
AS Rajpoot,29,530,813,24,9.2,33.88,22.08,5/14,1,0,1,14,51.72,399,271,9,214,157,6,200,102,9,8.83,8.18,11.76,44.33,35.67,22.22,30.11,26.17,11.33,488,319,12,325,211,12,9.18,9.24,40.67,27.08,26.58,17.58
AS Raut,5,30,44,0,8.8,0.0,0.0,0/6,0,0,0,5,0.0,0,0,0,31,18,0,13,12,0,0.0,10.33,6.5,0.0,0.0,0.0,0.0,0.0,0.0,44,30,0,0,0,0,8.8,0.0,0.0,0.0,0.0,0.0
AS Roy,3,54,66,2,7.33,33.0,27.0,1/11,0,0,0,1,66.67,24,18,0,42,36,2,0,0,0,8.0,7.0,0.0,0.0,21.0,0.0,0.0,18.0,0.0,55,42,1,11,12,1,7.86,5.5,55.0,11.0,42.0,12.0
AU Rashid,1,18,35,0,11.67,0.0,0.0,0/35,0,0,0,1,0.0,0,0,0,35,18,0,0,0,0,0.0,11.67,0.0,0.0,0.0,0.0,0.0,0.0,0.0,35,18,0,0,0,0,11.67,0.0,0.0,0.0,0.0,0.0
AUK Pathan,3,39,63,0,9.69,0.0,0.0,0/14,0,0,0,3,0.0,0,0,0,35,24,0,28,15,0,0.0,8.75,11.2,0.0,0.0,0.0,0.0,0.0,0.0,19,12,0,44,27,0,9.5,9.78,0.0,0.0,0.0,0.0
Abdul Samad,5,54,113,2,12.56,56.5,27.0,1/9,0,0,0,3,40.0,0,0,0,93,48,2,20,6,0,0.0,11.62,20.0,0.0,46.5,0.0,0.0,24.0,0.0,44,24,1,69,30,1,11.0,13.8,44.0,69.0,24.0,30.0
Abdur Razzak,1,12,29,0,14.5,0.0,0.0,0/29,0,0,0,1,0.0,0,0,0,29,12,0,0,0,0,0.0,14.5,0.0,0.0,0.0,0.0,0.0,0.0,0.0,29,12,0,0,0,0,14.5,0.0,0.0,0.0,0.0,0.0
Abhishek Sharma,17,156,214,7,8.23,30.57,22.29,2/4,0,0,0,12,29.41,22,18,0,181,132,7,11,6,0,7.33,8.23,11.0,0.0,25.86,0.0,0.0,18.86,0.0,109,84,6,105,72,1,7.79,8.75,18.17,105.0,14.0,72.0
Akash Deep,5,113,205,5,10.88,41.0,22.6,3/45,1,0,0,2,60.0,44,30,2,104,66,2,57,17,1,8.8,9.45,20.12,22.0,52.0,57.0,15.0,33.0,17.0,167,95,4,38,18,1,10.55,12.67,41.75,38.0,23.75,18.0
Akash Singh,1,24,39,0,9.75,0.0,0.0,0/39,0,0,0,1,0.0,18,12,0,4,6,0,17,6,0,9.0,4.0,17.0,0.0,0.0,0.0,0.0,0.0,0.0,39,24,0,0,0,0,9.75,0.0,0.0,0.0,0.0,0.0
Aman Hakim Khan,1,6,13,0,13.0,0.0,0.0,0/13,0,0,0,1,0.0,0,0,0,13,6,0,0,0,0,0.0,13.0,0.0,0.0,0.0,0.0,0.0,0.0,0.0,0,0,0,13,6,0,0.0,13.0,0.0,0.0,0.0,0.0
Anand Rajan,8,149,201,8,8.09,25.12,18.62,3/27,1,0,0,2,75.0,47,42,0,75,66,3,79,41,5,6.71,6.82,11.56,0.0,25.0,15.8,0.0,22.0,8.2,42,48,2,159,101,6,5.25,9.45,21.0,26.5,24.0,16.83
Ankit Sharma,21,367,450,12,7.36,37.5,30.58,2/20,0,0,0,11,47.62,152,144,6,249,198,6,49,25,0,6.33,7.55,11.76,25.33,41.5,0.0,24.0,33.0,0.0,237,180,6,213,187,6,7.9,6.83,39.5,35.5,30.0,31.17
Ankit Soni,6,109,144,2,7.93,72.0,54.5,1/16,0,0,0,4,33.33,3,6,0,137,102,2,4,1,0,3.0,8.06,24.0,0.0,68.5,0.0,0.0,51.0,0.0,55,36,1,89,73,1,9.17,7.32,55.0,89.0,36.0,73.0
Anureet Singh,22,412,623,18,9.07,34.61,22.89,3/23,1,0,0,11,50.0,191,162,7,192,120,2,240,130,9,7.07,9.6,11.08,27.29,96.0,26.67,23.14,60.0,14.44,311,228,9,312,184,9,8.18,10.17,34.56,34.67,25.33,20.44
Arshdeep Singh,37,757,1054,40,8.35,26.35,18.92,5/32,4,0,1,14,62.16,452,342,15,186,132,5,416,283,20,7.93,8.45,8.82,30.13,37.2,20.8,22.8,26.4,14.15,524,360,23,530,397,17,8.73,8.01,22.78,31.18,15.65,23.35
Avesh Khan,38,832,1165,48,8.4,24.27,17.33,4/24,6,1,0,12,68.42,471,348,16,221,186,13,473,298,19,8.12,7.13,9.52,29.44,17.0,24.89,21.75,14.31,15.68,560,426,22,605,406,26,7.89,8.94,25.45,23.27,19.36,15.62
Azhar Mahmood,23,537,700,29,7.82,24.14,18.52,3/20,4,0,0,10,56.52,162,144,6,204,186,6,334,207,17,6.75,6.58,9.68,27.0,34.0,19.65,24.0,31.0,12.18,321,234,13,379,303,16,8.23,7.5,24.69,23.69,18.0,18.94
B Akhil,13,188,242,6,7.72,40.33,31.33,2/17,0,0,0,9,30.77,12,6,0,138,132,4,92,50,2,12.0,6.27,11.04,0.0,34.5,46.0,0.0,33.0,25.0,172,114,3,70,74,3,9.05,5.68,57.33,23.33,38.0,24.67
B Chipli,1,6,20,0,20.0,0.0,0.0,0/20,0,0,0,1,0.0,0,0,0,20,6,0,0,0,0,0.0,20.0,0.0,0.0,0.0,0.0,0.0,0.0,0.0,0,0,0,20,6,0,0.0,20.0,0.0,0.0,0.0,0.0
B Geeves,2,48,91,1,11.38,91.0,48.0,1/50,0,0,0,1,50.0,50,24,0,31,18,1,10,6,0,12.5,10.33,10.0,0.0,31.0,0.0,0.0,18.0,0.0,91,48,1,0,0,0,11.38,0.0,91.0,0.0,48.0,0.0
B Kumar,146,3262,3971,154,7.3,25.79,21.18,5/19,10,2,1,53,63.7,1754,1745,55,465,344,9,1752,1173,90,6.03,8.11,8.96,31.89,51.67,19.47,31.73,38.22,13.03,2104,1682,87,1867,1580,67,7.51,7.09,24.18,27.87,19.33,23.58
B Laughlin,9,168,282,10,10.07,28.2,16.8,2/15,0,0,0,3,66.67,60,36,3,82,61,2,140,71,5,10.0,8.07,11.83,20.0,41.0,28.0,12.0,30.5,14.2,144,84,5,138,84,5,10.29,9.86,28.8,27.6,16.8,16.8
B Lee,38,875,1095,25,7.51,43.8,35.0,3/15,1,0,0,18,52.63,560,486,11,79,78,4,456,311,10,6.91,6.08,8.8,50.91,19.75,45.6,44.18,19.5,31.1,668,542,18,427,333,7,7.39,7.69,37.11,61.0,30.11,47.57
B Stanlake,6,144,200,7,8.33,28.57,20.57,2/21,0,0,0,2,66.67,111,84,2,78,54,5,11,6,0,7.93,8.67,11.0,55.5,15.6,0.0,42.0,10.8,0.0,130,96,5,70,48,2,8.12,8.75,26.0,35.0,19.2,24.0
BA Bhatt,15,296,397,12,8.05,33.08,24.67,4/22,0,1,0,9,40.0,116,96,4,183,137,6,98,63,2,7.25,8.01,9.33,29.0,30.5,49.0,24.0,22.83,31.5,174,114,1,223,182,11,9.16,7.35,174.0,20.27,114.0,16.55
BA Stokes,37,683,974,28,8.56,34.79,24.39,3/15,3,0,0,21,43.24,267,180,8,379,299,6,328,204,14,8.9,7.61,9.65,33.38,63.17,23.43,22.5,49.83,14.57,621,414,11,353,269,17,9.0,7.87,56.45,20.76,37.64,15.82
BAW Mendis,10,240,285,8,7.12,35.62,30.0,2/19,0,0,0,4,60.0,49,54,2,158,132,4,78,54,2,5.44,7.18,8.67,24.5,39.5,39.0,27.0,33.0,27.0,145,120,3,140,120,5,7.25,7.0,48.33,28.0,40.0,24.0
BB Sran,24,483,757,19,9.4,39.84,25.42,3/28,1,0,0,10,58.33,350,228,6,267,168,6,140,87,7,9.21,9.54,9.66,58.33,44.5,20.0,38.0,28.0,12.43,329,204,9,428,279,10,9.68,9.2,36.56,42.8,22.67,27.9
BCJ Cutting,17,281,429,10,9.16,42.9,28.1,2/20,0,0,0,9,47.06,68,42,0,215,163,8,146,76,2,9.71,7.91,11.53,0.0,26.88,73.0,0.0,20.38,38.0,206,127,5,223,154,5,9.73,8.69,41.2,44.6,25.4,30.8
BE Hendricks,7,150,235,9,9.4,26.11,16.67,3/36,1,0,0,1,85.71,108,60,1,49,36,2,78,54,6,10.8,8.17,8.67,108.0,24.5,13.0,60.0,18.0,9.0,76,48,5,159,102,4,9.5,9.35,15.2,39.75,9.6,25.5
BJ Hodge,20,234,303,17,7.77,17.82,13.76,4/13,1,1,0,9,55.0,52,36,0,228,180,14,23,18,3,8.67,7.6,7.67,0.0,16.29,7.67,0.0,12.86,6.0,156,120,9,147,114,8,7.8,7.74,17.33,18.38,13.33,14.25
BJ Rohrer,1,6,12,0,12.0,0.0,0.0,0/12,0,0,0,1,0.0,0,0,0,12,6,0,0,0,0,0.0,12.0,0.0,0.0,0.0,0.0,0.0,0.0,0.0,0,0,0,12,6,0,0.0,12.0,0.0,0.0,0.0,0.0
BMAJ Mendis,2,30,36,1,7.2,36.0,30.0,1/16,0,0,0,1,50.0,0,0,0,36,30,1,0,0,0,0.0,7.2,0.0,0.0,36.0,0.0,0.0,30.0,0.0,20,12,0,16,18,1,10.0,5.33,0.0,16.0,0.0,18.0
BW Hilfenhaus,17,372,479,22,7.73,21.77,16.91,3/27,1,0,0,2,88.24,244,240,12,54,36,3,181,96,7,6.1,9.0,11.31,20.33,18.0,25.86,20.0,12.0,13.71,202,162,12,277,210,10,7.48,7.91,16.83,27.7,13.5,21.0
Basil Thampi,25,521,846,22,9.74,38.45,23.68,3/29,2,0,0,11,56.0,253,162,2,264,186,7,329,173,13,9.37,8.52,11.41,126.5,37.71,25.31,81.0,26.57,13.31,451,240,7,395,281,15,11.28,8.43,64.43,26.33,34.29,18.73
Bipul Sharma,28,426,572,17,8.06,33.65,25.06,2/13,0,0,0,13,53.57,76,74,5,412,318,11,84,34,1,6.16,7.77,14.82,15.2,37.45,84.0,14.8,28.91,34.0,318,238,8,254,188,9,8.02,8.11,39.75,28.22,29.75,20.89
C Ganapathy,1,6,13,0,13.0,0.0,0.0,0/13,0,0,0,1,0.0,0,0,0,13,6,0,0,0,0,0.0,13.0,0.0,0.0,0.0,0.0,0.0,0.0,0.0,13,6,0,0,0,0,13.0,0.0,0.0,0.0,0.0,0.0
C Munro,2,12,15,0,7.5,0.0,0.0,0/7,0,0,0,2,0.0,0,0,0,15,12,0,0,0,0,0.0,7.5,0.0,0.0,0.0,0.0,0.0,0.0,0.0,7,6,0,8,6,0,7.0,8.0,0.0,0.0,0.0,0.0
C Nanda,3,48,57,2,7.12,28.5,24.0,1/4,0,0,0,1,66.67,0,0,0,49,42,2,8,6,0,0.0,7.0,8.0,0.0,24.5,0.0,0.0,21.0,0.0,4,6,1,53,42,1,4.0,7.57,4.0,53.0,6.0,42.0
C Sakariya,17,378,510,17,8.1,30.0,22.24,3/31,2,0,0,6,64.71,189,168,5,143,102,5,178,108,7,6.75,8.41,9.89,37.8,28.6,25.43,33.6,20.4,15.43,302,234,14,208,144,3,7.74,8.67,21.57,69.33,16.71,48.0
C de Grandhomme,19,216,319,6,8.86,53.17,36.0,3/4,1,0,0,15,21.05,13,12,0,277,190,6,29,14,0,6.5,8.75,12.43,0.0,46.17,0.0,0.0,31.67,0.0,230,150,2,89,66,4,9.2,8.09,115.0,22.25,75.0,16.5
CH Gayle,38,554,729,18,7.9,40.5,30.78,3/21,1,0,0,25,34.21,162,120,3,342,282,6,225,152,9,8.1,7.28,8.88,54.0,57.0,25.0,40.0,47.0,16.89,379,282,8,350,272,10,8.06,7.72,47.38,35.0,35.25,27.2
CH Morris,81,1720,2295,95,8.01,24.16,18.11,4/23,8,4,0,27,66.67,852,678,21,510,396,16,933,646,58,7.54,7.73,8.67,40.57,31.88,16.09,32.29,24.75,11.14,1272,972,59,1023,748,36,7.85,8.21,21.56,28.42,16.47,20.78
CJ Anderson,22,297,518,11,10.46,47.09,27.0,2/18,0,0,0,13,40.91,120,71,2,199,138,4,199,88,5,10.14,8.65,13.57,60.0,49.75,39.8,35.5,34.5,17.6,278,156,8,240,141,3,10.69,10.21,34.75,80.0,19.5,47.0
CJ Dala,1,18,34,0,11.33,0.0,0.0,0/34,0,0,0,1,0.0,17,6,0,17,12,0,0,0,0,17.0,8.5,0.0,0.0,0.0,0.0,0.0,0.0,0.0,0,0,0,34,18,0,0.0,11.33,0.0,0.0,0.0,0.0
CJ Green,1,17,24,0,8.47,0.0,0.0,0/24,0,0,0,1,0.0,16,12,0,0,0,0,8,5,0,8.0,0.0,9.6,0.0,0.0,0.0,0.0,0.0,0.0,0,0,0,24,17,0,0.0,8.47,0.0,0.0,0.0,0.0
CJ Jordan,28,536,833,27,9.32,30.85,19.85,4/11,2,1,0,12,57.14,170,108,2,251,210,12,412,218,13,9.44,7.17,11.34,85.0,20.92,31.69,54.0,17.5,16.77,390,276,15,443,260,12,8.48,10.22,26.0,36.92,18.4,21.67
CJ McKay,2,42,60,1,8.57,60.0,42.0,1/36,0,0,0,1,50.0,26,12,0,14,18,1,20,12,0,13.0,4.67,10.0,0.0,14.0,0.0,0.0,18.0,0.0,36,24,1,24,18,0,9.0,8.0,36.0,0.0,24.0,0.0
CK Kapugedera,3,17,49,0,17.29,0.0,0.0,0/8,0,0,0,3,0.0,0,0,0,34,11,0,15,6,0,0.0,18.55,15.0,0.0,0.0,0.0,0.0,0.0,0.0,15,6,0,34,11,0,15.0,18.55,0.0,0.0,0.0,0.0
CK Langeveldt,7,156,187,13,7.19,14.38,12.0,3/15,1,0,0,0,100.0,96,84,6,29,24,3,62,48,4,6.86,7.25,7.75,16.0,9.67,15.5,14.0,8.0,12.0,161,132,11,26,24,2,7.32,6.5,14.64,13.0,12.0,12.0
CL White,6,42,86,1,12.29,86.0,42.0,1/14,0,0,0,5,16.67,0,0,0,86,42,1,0,0,0,0.0,12.29,0.0,0.0,86.0,0.0,0.0,42.0,0.0,43,12,0,43,30,1,21.5,8.6,0.0,43.0,0.0,30.0
CR Brathwaite,16,254,379,13,8.95,29.15,19.54,3/47,1,0,0,8,50.0,30,24,0,255,174,7,94,56,6,7.5,8.79,10.07,0.0,36.43,15.67,0.0,24.86,9.33,165,108,4,214,146,9,9.17,8.79,41.25,23.78,27.0,16.22
CR Woakes,21,440,658,30,8.97,21.93,14.67,3/6,3,0,0,4,80.95,242,162,6,133,120,8,283,158,16,8.96,6.65,10.75,40.33,16.62,17.69,27.0,15.0,9.88,473,296,15,185,144,15,9.59,7.71,31.53,12.33,19.73,9.6
CRD Fernando,10,234,298,17,7.64,17.53,13.76,4/18,0,1,0,1,90.0,87,78,7,83,72,5,128,84,5,6.69,6.92,9.14,12.43,16.6,25.6,11.14,14.4,16.8,118,96,8,180,138,9,7.38,7.83,14.75,20.0,12.0,15.33
CV Varun,42,973,1170,42,7.21,27.86,23.17,5/20,1,0,1,14,66.67,223,186,6,754,649,30,193,138,6,7.19,6.97,8.39,37.17,25.13,32.17,31.0,21.63,23.0,626,505,18,544,468,24,7.44,6.97,34.78,22.67,28.06,19.5
D Brevis,1,3,8,1,16.0,8.0,3.0,1/8,0,0,0,0,100.0,0,0,0,0,0,0,8,3,1,0.0,0.0,16.0,0.0,0.0,8.0,0.0,0.0,3.0,0,0,0,8,3,1,0.0,16.0,0.0,8.0,0.0,3.0
D Kalyankrishna,3,48,87,2,10.88,43.5,24.0,1/30,0,0,0,1,66.67,0,0,0,70,42,2,17,6,0,0.0,10.0,17.0,0.0,35.0,0.0,0.0,21.0,0.0,23,12,0,64,36,2,11.5,10.67,0.0,32.0,0.0,18.0
D Pretorius,6,126,210,6,10.0,35.0,21.0,2/30,0,0,0,2,66.67,0,0,0,83,66,4,127,60,2,0.0,7.55,12.7,0.0,20.75,63.5,0.0,16.5,30.0,139,78,3,71,48,3,10.69,8.88,46.33,23.67,26.0,16.0
D Salunkhe,5,47,78,1,9.96,78.0,47.0,1/21,0,0,0,4,20.0,0,0,0,71,41,1,7,6,0,0.0,10.39,7.0,0.0,71.0,0.0,0.0,41.0,0.0,53,35,1,25,12,0,9.09,12.5,53.0,0.0,35.0,0.0
D Wiese,14,278,402,16,8.68,25.12,17.38,4/33,0,1,0,5,64.29,62,60,6,235,156,3,105,62,7,6.2,9.04,10.16,10.33,78.33,15.0,10.0,52.0,8.86,249,176,13,153,102,3,8.49,9.0,19.15,51.0,13.54,34.0
D du Preez,2,42,56,4,8.0,14.0,10.5,3/32,1,0,0,0,100.0,12,18,3,28,18,1,16,6,0,4.0,9.33,16.0,4.0,28.0,0.0,6.0,18.0,0.0,32,24,3,24,18,1,8.0,8.0,10.67,24.0,8.0,18.0
DA Warner,1,1,2,0,12.0,0.0,0.0,0/2,0,0,0,1,0.0,0,0,0,2,1,0,0,0,0,0.0,12.0,0.0,0.0,0.0,0.0,0.0,0.0,0.0,0,0,0,2,1,0,0.0,12.0,0.0,0.0,0.0,0.0
DAJ Bracewell,1,24,32,3,8.0,10.67,8.0,3/32,1,0,0,0,100.0,7,6,0,15,12,1,10,6,2,7.0,7.5,10.0,0.0,15.0,5.0,0.0,12.0,3.0,32,24,3,0,0,0,8.0,0.0,10.67,0.0,8.0,0.0
DB Ravi Teja,2,18,28,1,9.33,28.0,18.0,1/19,0,0,0,1,50.0,0,0,0,28,18,1,0,0,0,0.0,9.33,0.0,0.0,28.0,0.0,0.0,18.0,0.0,9,6,0,19,12,1,9.0,9.5,0.0,19.0,0.0,12.0
DE Bollinger,27,576,693,38,7.22,18.24,15.16,4/13,3,1,0,6,77.78,386,324,11,15,18,4,292,234,23,7.15,5.0,7.49,35.09,3.75,12.7,29.45,4.5,10.17,208,186,12,485,390,26,6.71,7.46,17.33,18.65,15.5,15.0
DG Nalkande,2,31,59,2,11.42,29.5,15.5,2/37,0,0,0,1,50.0,0,0,0,53,30,2,6,1,0,0.0,10.6,36.0,0.0,26.5,0.0,0.0,15.0,0.0,37,18,2,22,13,0,12.33,10.15,18.5,0.0,9.0,0.0
DJ Bravo,158,3120,4360,183,8.38,23.83,17.05,4/22,14,2,0,48,69.62,299,228,10,1900,1507,58,2161,1385,115,7.87,7.56,9.36,29.9,32.76,18.79,22.8,25.98,12.04,2347,1617,94,2013,1503,89,8.71,8.04,24.97,22.62,17.2,16.89
DJ Harris,2,18,26,0,8.67,0.0,0.0,0/11,0,0,0,2,0.0,0,0,0,16,12,0,10,6,0,0.0,8.0,10.0,0.0,0.0,0.0,0.0,0.0,0.0,26,18,0,0,0,0,8.67,0.0,0.0,0.0,0.0,0.0
DJ Hooda,30,349,501,10,8.61,50.1,34.9,2/16,0,0,0,21,30.0,96,72,2,310,234,7,95,43,1,8.0,7.95,13.26,48.0,44.29,95.0,36.0,33.43,43.0,263,192,4,238,157,6,8.22,9.1,65.75,39.67,48.0,26.17
DJ Hussey,26,317,474,8,8.97,59.25,39.62,2/2,0,0,0,20,23.08,57,36,0,303,228,6,114,53,2,9.5,7.97,12.91,0.0,50.5,57.0,0.0,38.0,26.5,330,228,3,144,89,5,8.68,9.71,110.0,28.8,76.0,17.8
DJ Mitchell,2,12,27,0,13.5,0.0,0.0,0/7,0,0,0,2,0.0,0,0,0,27,12,0,0,0,0,0.0,13.5,0.0,0.0,0.0,0.0,0.0,0.0,0.0,0,0,0,27,12,0,0.0,13.5,0.0,0.0,0.0,0.0
DJ Muthuswami,6,84,101,4,7.21,25.25,21.0,2/18,0,0,0,3,50.0,92,72,3,8,6,0,1,6,1,7.67,8.0,1.0,30.67,0.0,1.0,24.0,0.0,6.0,42,36,1,59,48,3,7.0,7.38,42.0,19.67,36.0,16.0
DJ Thornely,4,42,40,3,5.71,13.33,14.0,2/7,0,0,0,2,50.0,0,0,0,40,42,3,0,0,0,0.0,5.71,0.0,0.0,13.33,0.0,0.0,14.0,0.0,17,24,2,23,18,1,4.25,7.67,8.5,23.0,12.0,18.0
DJ Willey,7,126,167,3,7.95,55.67,42.0,1/24,0,0,0,4,42.86,97,84,1,39,24,1,31,18,1,6.93,9.75,10.33,97.0,39.0,31.0,84.0,24.0,18.0,92,84,2,75,42,1,6.57,10.71,46.0,75.0,42.0,42.0
DJG Sammy,19,236,350,11,8.9,31.82,21.45,4/22,0,1,0,13,31.58,34,24,1,207,162,9,109,50,1,8.5,7.67,13.08,34.0,23.0,109.0,24.0,18.0,50.0,111,66,3,239,170,8,10.09,8.44,37.0,29.88,22.0,21.25
DJM Short,2,18,19,1,6.33,19.0,18.0,1/10,0,0,0,1,50.0,0,0,0,19,18,1,0,0,0,0.0,6.33,0.0,0.0,19.0,0.0,0.0,18.0,0.0,0,0,0,19,18,1,0.0,6.33,0.0,19.0,0.0,18.0
DL Chahar,63,1324,1722,59,7.8,29.19,22.44,4/13,3,2,0,27,57.14,1320,1021,43,228,174,4,174,129,12,7.76,7.86,8.09,30.7,57.0,14.5,23.74,43.5,10.75,1070,834,35,652,490,24,7.7,7.98,30.57,27.17,23.83,20.42
DL Vettori,34,777,879,28,6.79,31.39,27.75,3/15,2,0,0,13,61.76,97,90,2,561,522,19,221,165,7,6.47,6.45,8.04,48.5,29.53,31.57,45.0,27.47,23.57,462,414,18,417,363,10,6.7,6.89,25.67,41.7,23.0,36.3
DNT Zoysa,3,66,99,2,9.0,49.5,33.0,1/30,0,0,0,1,66.67,45,36,0,21,12,1,33,18,1,7.5,10.5,11.0,0.0,21.0,33.0,0.0,12.0,18.0,67,42,1,32,24,1,9.57,8.0,67.0,32.0,42.0,24.0
DP Nannes,29,646,785,28,7.29,28.04,23.07,3/27,2,0,0,10,65.52,360,342,15,121,96,0,304,208,13,6.32,7.56,8.77,24.0,0.0,23.38,22.8,0.0,16.0,514,438,23,271,208,5,7.04,7.82,22.35,54.2,19.04,41.6
DP Vijaykumar,9,152,199,4,7.86,49.75,38.0,1/17,0,0,0,5,44.44,124,102,3,23,24,0,52,26,1,7.29,5.75,12.0,41.33,0.0,52.0,34.0,0.0,26.0,104,90,3,95,62,1,6.93,9.19,34.67,95.0,30.0,62.0
DR Sams,16,360,523,14,8.72,37.36,25.71,4/30,1,1,0,7,56.25,209,180,8,163,114,5,151,66,1,6.97,8.58,13.73,26.12,32.6,151.0,22.5,22.8,66.0,323,240,9,200,120,5,8.07,10.0,35.89,40.0,26.67,24.0
DR Smith,46,539,810,26,9.02,31.15,20.73,4/8,1,1,0,28,39.13,121,66,5,534,402,15,155,71,6,11.0,7.97,13.1,24.2,35.6,25.83,13.2,26.8,11.83,411,305,18,399,234,8,8.09,10.23,22.83,49.88,16.94,29.25
DS Kulkarni,92,1787,2474,86,8.31,28.77,20.78,4/14,6,1,0,37,59.78,1271,1018,44,614,425,20,589,344,22,7.49,8.67,10.27,28.89,30.7,26.77,23.14,21.25,15.64,1426,1018,49,1048,769,37,8.4,8.18,29.1,28.32,20.78,20.78
DT Christian,49,883,1192,38,8.1,31.37,23.24,2/10,0,0,0,21,57.14,254,180,8,575,492,18,363,211,12,8.47,7.01,10.32,31.75,31.94,30.25,22.5,27.33,17.58,463,354,21,729,529,17,7.85,8.27,22.05,42.88,16.86,31.12
DW Steyn,95,2176,2508,97,6.92,25.86,22.43,3/8,8,0,0,38,60.0,1184,1134,34,447,408,13,877,634,50,6.26,6.57,8.3,34.82,34.38,17.54,33.35,31.38,12.68,1099,948,42,1409,1228,55,6.96,6.88,26.17,25.62,22.57,22.33
F du Plessis,1,6,16,0,16.0,0.0,0.0,0/16,0,0,0,1,0.0,0,0,0,0,0,0,16,6,0,0.0,0.0,16.0,0.0,0.0,0.0,0.0,0.0,0.0,0,0,0,16,6,0,0.0,16.0,0.0,0.0,0.0,0.0
FA Allen,4,90,136,2,9.07,68.0,45.0,1/22,0,0,0,2,50.0,32,18,1,104,72,1,0,0,0,10.67,8.67,0.0,32.0,104.0,0.0,18.0,72.0,0.0,114,66,1,22,24,1,10.36,5.5,114.0,22.0,66.0,24.0
FH Edwards,6,140,154,5,6.6,30.8,28.0,2/27,0,0,0,2,66.67,58,78,3,14,12,0,82,50,2,4.46,7.0,9.84,19.33,0.0,41.0,26.0,0.0,25.0,27,48,1,127,92,4,3.38,8.28,27.0,31.75,48.0,23.0
FY Fazal,2,12,20,0,10.0,0.0,0.0,0/6,0,0,0,2,0.0,0,0,0,0,0,0,20,12,0,0.0,0.0,10.0,0.0,0.0,0.0,0.0,0.0,0.0,6,6,0,14,6,0,6.0,14.0,0.0,0.0,0.0,0.0
Fazalhaq Farooqi,3,72,110,2,9.17,55.0,36.0,2/32,0,0,0,2,33.33,29,30,1,33,24,1,48,18,0,5.8,8.25,16.0,29.0,33.0,0.0,30.0,24.0,0.0,47,24,0,63,48,2,11.75,7.88,0.0,31.5,0.0,24.0
GB Hogg,21,458,570,23,7.47,24.78,19.91,4/29,1,1,0,7,66.67,52,48,4,399,318,12,119,92,7,6.5,7.53,7.76,13.0,33.25,17.0,12.0,26.5,13.14,269,216,13,301,242,10,7.47,7.46,20.69,30.1,16.62,24.2
GC Viljoen,6,138,222,7,9.65,31.71,19.71,2/39,0,0,0,1,83.33,55,36,2,76,60,3,91,42,2,9.17,7.6,13.0,27.5,25.33,45.5,18.0,20.0,21.0,127,72,4,95,66,3,10.58,8.64,31.75,31.67,18.0,22.0
GD McGrath,14,324,357,12,6.61,29.75,27.0,4/29,0,1,0,7,50.0,211,222,8,28,24,1,118,78,3,5.7,7.0,9.08,26.38,28.0,39.33,27.75,24.0,26.0,204,192,4,153,132,8,6.38,6.95,51.0,19.12,48.0,16.5
GD Phillips,2,12,20,1,10.0,20.0,12.0,1/17,0,0,0,1,50.0,0,0,0,20,12,1,0,0,0,0.0,10.0,0.0,0.0,20.0,0.0,0.0,12.0,0.0,20,12,1,0,0,0,10.0,0.0,20.0,0.0,12.0,0.0
GH Vihari,6,42,47,1,6.71,47.0,42.0,1/5,0,0,0,5,16.67,33,24,1,14,18,0,0,0,0,8.25,4.67,0.0,33.0,0.0,0.0,24.0,0.0,0.0,30,24,1,17,18,0,7.5,5.67,30.0,0.0,24.0,0.0
GHS Garton,5,90,135,3,9.0,45.0,30.0,1/27,0,0,0,2,60.0,107,60,1,11,12,1,17,18,1,10.7,5.5,5.67,107.0,11.0,17.0,60.0,12.0,18.0,79,48,2,56,42,1,9.88,8.0,39.5,56.0,24.0,42.0
GJ Maxwell,66,786,1080,28,8.24,38.57,28.07,2/15,0,0,0,43,34.85,269,180,6,744,558,20,67,48,2,8.97,8.0,8.38,44.83,37.2,33.5,30.0,27.9,24.0,538,390,10,542,396,18,8.28,8.21,53.8,30.11,39.0,22.0
GR Napier,1,24,27,1,6.75,27.0,24.0,1/27,0,0,0,0,100.0,3,6,0,24,18,1,0,0,0,3.0,8.0,0.0,0.0,24.0,0.0,0.0,18.0,0.0,0,0,0,27,24,1,0.0,6.75,0.0,27.0,0.0,24.0
GS Sandhu,2,48,82,1,10.25,82.0,48.0,1/33,0,0,0,1,50.0,7,6,0,25,18,0,50,24,1,7.0,8.33,12.5,0.0,0.0,50.0,0.0,0.0,24.0,82,48,1,0,0,0,10.25,0.0,82.0,0.0,48.0,0.0
Gagandeep Singh,4,84,141,3,10.07,47.0,28.0,1/33,0,0,0,1,75.0,7,6,0,70,54,2,64,24,1,7.0,7.78,16.0,0.0,35.0,64.0,0.0,27.0,24.0,98,60,2,43,24,1,9.8,10.75,49.0,43.0,30.0,24.0
Gurkeerat Singh,6,78,97,5,7.46,19.4,15.6,2/15,0,0,0,3,50.0,19,12,0,78,66,5,0,0,0,9.5,7.09,0.0,0.0,15.6,0.0,0.0,13.2,0.0,35,24,1,62,54,4,8.75,6.89,35.0,15.5,24.0,13.5
HF Gurney,8,162,238,7,8.81,34.0,23.14,2/25,0,0,0,3,62.5,66,66,2,62,42,1,110,54,4,6.0,8.86,12.22,33.0,62.0,27.5,33.0,42.0,13.5,108,72,4,130,90,3,9.0,8.67,27.0,43.33,18.0,30.0
HH Pandya,70,1052,1535,50,8.75,30.7,21.04,3/17,4,0,0,37,47.14,309,222,7,794,598,22,432,232,21,8.35,7.97,11.17,44.14,36.09,20.57,31.71,27.18,11.05,758,510,25,777,542,25,8.92,8.6,30.32,31.08,20.4,21.68
HR Shokeen,5,90,127,2,8.47,63.5,45.0,2/47,0,0,0,4,20.0,26,24,1,77,60,0,24,6,1,6.5,7.7,24.0,26.0,0.0,24.0,24.0,0.0,6.0,104,66,2,23,24,0,9.45,5.75,52.0,0.0,33.0,0.0
HV Patel,76,1585,2218,97,8.4,22.87,16.34,5/27,7,2,1,22,71.05,413,282,10,1000,804,41,805,499,46,8.79,7.46,9.68,41.3,24.39,17.5,28.2,19.61,10.85,1029,726,50,1189,859,47,8.5,8.31,20.58,25.3,14.52,18.28
Harbhajan Singh,160,3416,4030,150,7.08,26.87,22.77,5/18,9,1,1,67,58.13,915,773,30,2737,2370,94,378,273,26,7.1,6.93,8.31,30.5,29.12,14.54,25.77,25.21,10.5,2004,1686,58,2026,1730,92,7.13,7.03,34.55,22.02,29.07,18.8
Harmeet Singh,28,549,731,27,7.99,27.07,20.33,3/24,2,0,0,11,60.71,147,96,6,410,324,11,174,129,10,9.19,7.59,8.09,24.5,37.27,17.4,16.0,29.45,12.9,339,277,16,392,272,11,7.34,8.65,21.19,35.64,17.31,24.73
Harpreet Brar,15,288,374,9,7.79,41.56,32.0,3/19,2,0,0,10,33.33,72,42,0,292,240,9,10,6,0,10.29,7.3,10.0,0.0,32.44,0.0,0.0,26.67,0.0,182,144,4,192,144,5,7.58,8.0,45.5,38.4,36.0,28.8
Harshit Rana,2,30,51,1,10.2,51.0,30.0,1/24,0,0,0,1,50.0,23,12,1,28,18,0,0,0,0,11.5,9.33,0.0,23.0,0.0,0.0,12.0,0.0,0.0,27,12,0,24,18,1,13.5,8.0,0.0,24.0,0.0,18.0
I Malhotra,1,6,23,0,23.0,0.0,0.0,0/23,0,0,0,1,0.0,0,0,0,23,6,0,0,0,0,0.0,23.0,0.0,0.0,0.0,0.0,0.0,0.0,0.0,0,0,0,23,6,0,0.0,23.0,0.0,0.0,0.0,0.0
I Sharma,93,1997,2701,72,8.12,37.51,27.74,5/12,2,0,1,44,52.69,1492,1263,44,501,342,12,708,392,16,7.09,8.79,10.84,33.91,41.75,44.25,28.7,28.5,24.5,1247,900,32,1454,1097,40,8.31,7.95,38.97,36.35,28.12,27.42
I Udana,10,174,282,8,9.72,35.25,21.75,2/41,0,0,0,4,60.0,103,54,2,87,60,3,92,60,3,11.44,8.7,9.2,51.5,29.0,30.67,27.0,20.0,20.0,130,72,3,152,102,5,10.83,8.94,43.33,30.4,24.0,20.4
IC Pandey,24,462,591,18,7.68,32.83,25.67,2/23,0,0,0,9,62.5,304,264,11,222,162,5,65,36,2,6.91,8.22,10.83,27.64,44.4,32.5,24.0,32.4,18.0,299,216,4,292,246,14,8.31,7.12,74.75,20.86,54.0,17.57
IC Porel,1,24,39,1,9.75,39.0,24.0,1/39,0,0,0,0,100.0,25,12,0,14,12,1,0,0,0,12.5,7.0,0.0,0.0,14.0,0.0,0.0,12.0,0.0,39,24,1,0,0,0,9.75,0.0,39.0,0.0,24.0,0.0
IK Pathan,101,2043,2649,80,7.78,33.11,25.54,3/24,4,0,0,45,55.45,1082,918,28,819,636,24,748,489,28,7.07,7.73,9.18,38.64,34.12,26.71,32.79,26.5,17.46,1582,1236,47,1067,807,33,7.68,7.93,33.66,32.33,26.3,24.45
IS Sodhi,8,181,202,9,6.7,22.44,20.11,3/26,1,0,0,1,87.5,17,12,2,177,162,7,8,7,0,8.5,6.56,6.86,8.5,25.29,0.0,6.0,23.14,0.0,110,90,3,92,91,6,7.33,6.07,36.67,15.33,30.0,15.17
Imran Tahir,59,1316,1703,82,7.76,20.77,16.05,4/12,9,3,0,16,72.88,85,54,3,1131,941,54,487,321,25,9.44,7.21,9.1,28.33,20.94,19.48,18.0,17.43,12.84,942,702,45,761,614,37,8.05,7.44,20.93,20.57,15.6,16.59
Iqbal Abdulla,48,920,1109,40,7.23,27.72,23.0,3/24,4,0,0,22,54.17,291,276,14,646,525,20,172,119,6,6.33,7.38,8.67,20.79,32.3,28.67,19.71,26.25,19.83,472,414,15,637,506,25,6.84,7.55,31.47,25.48,27.6,20.24
J Botha,34,694,800,25,6.92,32.0,27.76,3/6,1,0,0,15,55.88,253,192,4,411,396,13,136,106,8,7.91,6.23,7.7,63.25,31.62,17.0,48.0,30.46,13.25,338,282,8,462,412,17,7.19,6.73,42.25,27.18,35.25,24.24
J Suchith,21,420,602,19,8.6,31.68,22.11,2/12,0,0,0,6,71.43,104,72,3,471,336,15,27,12,1,8.67,8.41,13.5,34.67,31.4,27.0,24.0,22.4,12.0,317,246,13,285,174,6,7.73,9.83,24.38,47.5,18.92,29.0
J Syed Mohammad,11,192,283,8,8.84,35.38,24.0,2/15,0,0,0,5,54.55,14,18,1,236,156,6,33,18,1,4.67,9.08,11.0,14.0,39.33,33.0,18.0,26.0,18.0,197,132,3,86,60,5,8.95,8.6,65.67,17.2,44.0,12.0
J Theron,10,216,293,9,8.14,32.56,24.0,2/17,0,0,0,3,70.0,91,60,1,57,54,3,145,102,5,9.1,6.33,8.53,91.0,19.0,29.0,60.0,18.0,20.4,141,108,3,152,108,6,7.83,8.44,47.0,25.33,36.0,18.0
J Yadav,19,366,419,8,6.87,52.38,45.75,1/8,0,0,0,11,42.11,189,150,3,211,204,4,19,12,1,7.56,6.21,9.5,63.0,52.75,19.0,50.0,51.0,12.0,283,234,6,136,132,2,7.26,6.18,47.17,68.0,39.0,66.0
JA Morkel,87,1723,2359,85,8.21,27.75,20.27,4/32,4,1,0,31,64.37,1268,900,34,584,498,20,507,325,31,8.45,7.04,9.36,37.29,29.2,16.35,26.47,24.9,10.48,975,732,39,1384,991,46,7.99,8.38,25.0,30.09,18.77,21.54
JA Richardson,3,66,117,3,10.64,39.0,22.0,2/41,0,0,0,1,66.67,36,24,0,54,30,2,27,12,1,9.0,10.8,13.5,0.0,27.0,27.0,0.0,15.0,12.0,0,0,0,117,66,3,0.0,10.64,0.0,39.0,0.0,22.0
JC Archer,35,827,979,46,7.1,21.28,17.98,3/14,6,0,0,9,74.29,305,342,17,160,144,9,514,341,20,5.35,6.67,9.04,17.94,17.78,25.7,20.12,16.0,17.05,615,549,39,364,278,7,6.72,7.86,15.77,52.0,14.08,39.71
JD Ryder,16,236,303,8,7.7,37.88,29.5,2/14,0,0,0,9,43.75,7,6,0,241,204,7,55,26,1,7.0,7.09,12.69,0.0,34.43,55.0,0.0,29.14,26.0,117,96,3,186,140,5,7.31,7.97,39.0,37.2,32.0,28.0
JD Unadkat,90,1896,2778,92,8.79,30.2,20.61,5/25,5,0,2,35,61.11,878,702,23,882,636,22,1018,558,47,7.5,8.32,10.95,38.17,40.09,21.66,30.52,28.91,11.87,1483,1019,55,1295,877,37,8.73,8.86,26.96,35.0,18.53,23.7
JDP Oram,14,237,349,9,8.84,38.78,26.33,3/32,1,0,0,9,35.71,171,108,3,78,54,1,100,75,5,9.5,8.67,8.0,57.0,78.0,20.0,36.0,54.0,15.0,105,90,4,244,147,5,7.0,9.96,26.25,48.8,22.5,29.4
JDS Neesham,13,216,334,8,9.28,41.75,27.0,3/12,1,0,0,8,38.46,63,36,1,231,168,7,40,12,0,10.5,8.25,20.0,63.0,33.0,0.0,36.0,24.0,0.0,191,126,5,143,90,3,9.1,9.53,38.2,47.67,25.2,30.0
JE Taylor,5,117,157,6,8.05,26.17,19.5,3/30,1,0,0,2,60.0,51,48,0,19,18,0,87,51,6,6.38,6.33,10.24,0.0,0.0,14.5,0.0,0.0,8.5,108,72,6,49,45,0,9.0,6.53,18.0,0.0,12.0,0.0
JEC Franklin,15,151,220,9,8.74,24.44,16.78,2/18,0,0,0,8,46.67,16,12,1,162,115,5,42,24,3,8.0,8.45,10.5,16.0,32.4,14.0,12.0,23.0,8.0,174,120,9,46,31,0,8.7,8.9,19.33,0.0,13.33,0.0
JH Kallis,89,1742,2293,65,7.9,35.28,26.8,3/13,2,0,0,46,48.31,632,516,18,1057,866,23,604,360,24,7.35,7.32,10.07,35.11,45.96,25.17,28.67,37.65,15.0,1532,1112,37,761,630,28,8.27,7.25,41.41,27.18,30.05,22.5
JJ Bumrah,120,2742,3379,145,7.39,23.3,18.91,5/10,16,2,1,42,65.0,1005,906,28,760,690,37,1614,1146,80,6.66,6.61,8.45,35.89,20.54,20.18,32.36,18.65,14.32,1699,1380,70,1680,1362,75,7.39,7.4,24.27,22.4,19.71,18.16
JJ van der Wath,3,72,129,3,10.75,43.0,24.0,2/49,0,0,0,1,66.67,41,30,0,44,18,1,44,24,2,8.2,14.67,11.0,0.0,44.0,22.0,0.0,18.0,12.0,129,72,3,0,0,0,10.75,0.0,43.0,0.0,24.0,0.0
JL Pattinson,10,213,320,11,9.01,29.09,19.36,2/19,0,0,0,4,60.0,149,102,4,111,72,3,60,39,4,8.76,9.25,9.23,37.25,37.0,15.0,25.5,24.0,9.75,123,60,0,197,153,11,12.3,7.73,0.0,17.91,0.0,13.91
JM Kemp,5,44,54,3,7.36,18.0,14.67,3/12,1,0,0,4,20.0,0,0,0,53,43,3,1,1,0,0.0,7.4,6.0,0.0,17.67,0.0,0.0,14.33,0.0,42,26,0,12,18,3,9.69,4.0,0.0,4.0,0.0,6.0
JO Holder,38,824,1177,49,8.57,24.02,16.82,4/52,7,1,0,14,63.16,463,318,9,358,279,12,356,227,28,8.74,7.7,9.41,51.44,29.83,12.71,35.33,23.25,8.11,622,450,31,555,374,18,8.29,8.9,20.06,30.83,14.52,20.78
JP Behrendorff,5,114,165,5,8.68,33.0,22.8,2/22,0,0,0,1,80.0,121,78,3,27,30,2,17,6,0,9.31,5.4,17.0,40.33,13.5,0.0,26.0,15.0,0.0,84,48,2,81,66,3,10.5,7.36,42.0,27.0,24.0,22.0
JP Duminy,49,678,834,23,7.38,36.26,29.48,4/17,0,1,0,32,34.69,199,162,3,548,462,17,87,54,3,7.37,7.12,9.67,66.33,32.24,29.0,54.0,27.18,18.0,455,372,12,379,306,11,7.34,7.43,37.92,34.45,31.0,27.82
JP Faulkner,60,1227,1778,59,8.69,30.14,20.8,5/16,4,0,2,25,58.33,461,360,14,539,400,13,778,467,32,7.68,8.08,10.0,32.93,41.46,24.31,25.71,30.77,14.59,1127,761,32,651,466,27,8.89,8.38,35.22,24.11,23.78,17.26
JPR Scantlebury-Searles,3,42,89,2,12.71,44.5,21.0,1/24,0,0,0,1,66.67,13,6,0,56,30,1,20,6,1,13.0,11.2,20.0,0.0,56.0,20.0,0.0,30.0,6.0,24,12,1,65,30,1,12.0,13.0,24.0,65.0,12.0,30.0
JR Hazlewood,24,549,734,32,8.02,22.94,17.16,4/25,3,1,0,8,66.67,386,318,12,83,72,6,265,159,14,7.28,6.92,10.0,32.17,13.83,18.93,26.5,12.0,11.36,310,216,12,424,333,20,8.61,7.64,25.83,21.2,18.0,16.65
JR Hopes,20,360,548,14,9.13,39.14,25.71,2/2,0,0,0,8,60.0,25,18,1,311,234,7,212,108,6,8.33,7.97,11.78,25.0,44.43,35.33,18.0,33.43,18.0,327,216,8,221,144,6,9.08,9.21,40.88,36.83,27.0,24.0
JW Hastings,3,58,66,3,6.83,22.0,19.33,2/6,0,0,0,1,66.67,50,36,1,7,12,1,9,10,1,8.33,3.5,5.4,50.0,7.0,9.0,36.0,12.0,10.0,6,16,2,60,42,1,2.25,8.57,3.0,60.0,8.0,42.0
Jalaj S Saxena,1,18,27,0,9.0,0.0,0.0,0/27,0,0,0,1,0.0,10,6,0,17,12,0,0,0,0,10.0,8.5,0.0,0.0,0.0,0.0,0.0,0.0,0.0,0,0,0,27,18,0,0.0,9.0,0.0,0.0,0.0,0.0
Jaskaran Singh,7,102,171,6,10.06,28.5,17.0,2/18,0,0,0,3,57.14,51,42,2,46,30,1,74,30,3,7.29,9.2,14.8,25.5,46.0,24.67,21.0,30.0,10.0,143,90,5,28,12,1,9.53,14.0,28.6,28.0,18.0,12.0
Joginder Sharma,15,256,419,12,9.82,34.92,21.33,2/27,0,0,0,5,66.67,48,24,0,266,180,10,105,52,2,12.0,8.87,12.12,0.0,26.6,52.5,0.0,18.0,26.0,165,108,3,254,148,9,9.17,10.3,55.0,28.22,36.0,16.44
K Goel,6,66,93,0,8.45,0.0,0.0,0/7,0,0,0,6,0.0,0,0,0,93,66,0,0,0,0,0.0,8.45,0.0,0.0,0.0,0.0,0.0,0.0,0.0,59,36,0,34,30,0,9.83,6.8,0.0,0.0,0.0,0.0
K Gowtham,28,480,661,18,8.26,36.72,26.67,2/12,0,0,0,15,46.43,301,222,8,314,240,10,46,18,0,8.14,7.85,15.33,37.62,31.4,0.0,27.75,24.0,0.0,406,294,9,255,186,9,8.29,8.23,45.11,28.33,32.67,20.67
K Kartikeya,4,78,102,5,7.85,20.4,15.6,2/22,0,0,0,1,75.0,16,6,1,86,72,4,0,0,0,16.0,7.17,0.0,16.0,21.5,0.0,6.0,18.0,0.0,73,60,5,29,18,0,7.3,9.67,14.6,0.0,12.0,0.0
K Khejroliya,5,95,153,3,9.66,51.0,31.67,2/33,0,0,0,3,40.0,35,18,0,88,60,2,30,17,1,11.67,8.8,10.59,0.0,44.0,30.0,0.0,30.0,17.0,102,66,3,51,29,0,9.27,10.55,34.0,0.0,22.0,0.0
K Rabada,63,1429,1965,99,8.25,19.85,14.43,4/21,5,6,0,12,80.95,756,576,22,412,349,20,797,504,57,7.88,7.08,9.49,34.36,20.6,13.98,26.18,17.45,8.84,994,684,45,971,745,54,8.72,7.82,22.09,17.98,15.2,13.8
K Santokie,2,48,90,3,11.25,30.0,16.0,2/50,0,0,0,0,100.0,31,18,1,5,6,1,54,24,1,10.33,5.0,13.5,31.0,5.0,54.0,18.0,6.0,24.0,40,24,1,50,24,2,10.0,12.5,40.0,25.0,24.0,12.0
K Upadhyay,3,54,81,0,9.0,0.0,0.0,0/19,0,0,0,3,0.0,59,36,0,22,18,0,0,0,0,9.83,7.33,0.0,0.0,0.0,0.0,0.0,0.0,0.0,52,36,0,29,18,0,8.67,9.67,0.0,0.0,0.0,0.0
K Yadav,1,12,16,0,8.0,0.0,0.0,0/16,0,0,0,1,0.0,13,6,0,3,6,0,0,0,0,13.0,3.0,0.0,0.0,0.0,0.0,0.0,0.0,0.0,0,0,0,16,12,0,0.0,8.0,0.0,0.0,0.0,0.0
KA Jamieson,9,168,269,9,9.61,29.89,18.67,3/41,1,0,0,3,66.67,152,102,4,35,30,3,82,36,2,8.94,7.0,13.67,38.0,11.67,41.0,25.5,10.0,18.0,118,84,4,151,84,5,8.43,10.79,29.5,30.2,21.0,16.8
KA Pollard,107,1488,2180,69,8.79,31.59,21.57,4/44,2,1,0,57,46.73,59,36,1,1514,1115,42,607,337,26,9.83,8.15,10.81,59.0,36.05,23.35,36.0,26.55,12.96,1014,681,31,1166,807,38,8.93,8.67,32.71,30.68,21.97,21.24
KAJ Roach,2,48,80,0,10.0,0.0,0.0,0/32,0,0,0,2,0.0,20,18,0,16,12,0,44,18,0,6.67,8.0,14.67,0.0,0.0,0.0,0.0,0.0,0.0,80,48,0,0,0,0,10.0,0.0,0.0,0.0,0.0,0.0
KC Cariappa,11,216,348,8,9.67,43.5,27.0,2/16,0,0,0,5,54.55,65,36,0,260,162,6,23,18,2,10.83,9.63,7.67,0.0,43.33,11.5,0.0,27.0,9.0,210,126,4,138,90,4,10.0,9.2,52.5,34.5,31.5,22.5
KH Pandya,93,1672,2038,61,7.31,33.41,27.41,3/14,5,0,0,54,41.94,454,366,13,1388,1158,35,196,148,13,7.44,7.19,7.95,34.92,39.66,15.08,28.15,33.09,11.38,925,786,22,1113,886,39,7.06,7.54,42.05,28.54,35.73,22.72
KJ Abbott,5,96,177,2,11.06,88.5,48.0,1/38,0,0,0,3,40.0,72,42,0,52,30,2,53,24,0,10.29,10.4,13.25,0.0,26.0,0.0,0.0,15.0,0.0,86,42,2,91,54,0,12.29,10.11,43.0,0.0,21.0,0.0
KK Ahmed,34,778,1101,49,8.49,22.47,15.88,3/21,9,0,0,10,70.59,514,384,16,235,174,13,352,220,20,8.03,8.1,9.6,32.12,18.08,17.6,24.0,13.38,11.0,546,402,26,555,376,23,8.15,8.86,21.0,24.13,15.46,16.35
KK Cooper,25,576,757,33,7.89,22.94,17.45,4/26,4,1,0,8,68.0,108,96,4,267,216,12,382,264,17,6.75,7.42,8.68,27.0,22.25,22.47,24.0,18.0,15.53,420,300,11,337,276,22,8.4,7.33,38.18,15.32,27.27,12.55
KL Nagarkoti,11,180,285,5,9.5,57.0,36.0,2/13,0,0,0,7,36.36,45,30,0,182,120,4,58,30,1,9.0,9.1,11.6,0.0,45.5,58.0,0.0,30.0,30.0,142,78,1,143,102,4,10.92,8.41,142.0,35.75,78.0,25.5
KM Asif,3,49,93,4,11.39,23.25,12.25,2/43,0,0,0,0,100.0,36,24,3,37,18,1,20,7,0,9.0,12.33,17.14,12.0,37.0,0.0,8.0,18.0,0.0,0,0,0,93,49,4,0.0,11.39,0.0,23.25,0.0,12.25
KMA Paul,8,163,237,9,8.72,26.33,18.11,3/17,2,0,0,4,50.0,16,6,0,144,108,5,77,49,4,16.0,8.0,9.43,0.0,28.8,19.25,0.0,21.6,12.25,130,85,5,107,78,4,9.18,8.23,26.0,26.75,17.0,19.5
KMDN Kulasekara,5,102,120,5,7.06,24.0,20.4,2/10,0,0,0,1,80.0,82,66,3,8,6,0,30,30,2,7.45,8.0,6.0,27.33,0.0,15.0,22.0,0.0,15.0,72,66,3,48,36,2,6.55,8.0,24.0,24.0,22.0,18.0
KP Appanna,13,216,286,9,7.94,31.78,24.0,4/19,0,1,0,7,46.15,27,18,0,233,186,9,26,12,0,9.0,7.52,13.0,0.0,25.89,0.0,0.0,20.67,0.0,154,108,2,132,108,7,8.56,7.33,77.0,18.86,54.0,15.43
KP Pietersen,13,174,215,7,7.41,30.71,24.86,2/31,0,0,0,7,46.15,20,18,1,156,132,4,39,24,2,6.67,7.09,9.75,20.0,39.0,19.5,18.0,33.0,12.0,173,150,6,42,24,1,6.92,10.5,28.83,42.0,25.0,24.0
KR Sen,7,151,237,8,9.42,29.62,18.88,4/20,0,1,0,2,71.43,34,24,2,112,84,3,91,43,3,8.5,8.0,12.7,17.0,37.33,30.33,12.0,28.0,14.33,93,48,1,144,103,7,11.62,8.39,93.0,20.57,48.0,14.71
KS Williamson,2,18,31,0,10.33,0.0,0.0,0/7,0,0,0,2,0.0,7,6,0,24,12,0,0,0,0,7.0,12.0,0.0,0.0,0.0,0.0,0.0,0.0,0.0,31,18,0,0,0,0,10.33,0.0,0.0,0.0,0.0,0.0
KV Sharma,66,1222,1610,60,7.91,26.83,20.37,4/16,3,2,0,27,59.09,187,156,6,1262,981,48,161,85,6,7.19,7.72,11.36,31.17,26.29,26.83,26.0,20.44,14.17,748,552,25,862,670,35,8.13,7.72,29.92,24.63,22.08,19.14
KW Richardson,15,335,472,20,8.45,23.6,16.75,4/13,0,1,0,2,86.67,196,168,10,77,54,1,199,113,9,7.0,8.56,10.57,19.6,77.0,22.11,16.8,54.0,12.56,300,210,11,172,125,9,8.57,8.26,27.27,19.11,19.09,13.89
Kamran Khan,9,160,224,9,8.4,24.89,17.78,3/18,1,0,0,4,55.56,117,78,4,54,48,2,53,34,3,9.0,6.75,9.35,29.25,27.0,17.67,19.5,24.0,11.33,163,106,3,61,54,6,9.23,6.78,54.33,10.17,35.33,9.0
Karanveer Singh,9,204,321,12,9.44,26.75,17.0,4/54,1,1,0,4,55.56,26,12,0,242,168,8,53,24,4,13.0,8.64,13.25,0.0,30.25,13.25,0.0,21.0,6.0,219,132,6,102,72,6,9.95,8.5,36.5,17.0,22.0,12.0
Kartik Tyagi,16,361,570,14,9.47,40.71,25.79,2/29,0,0,0,4,75.0,215,126,4,171,126,3,184,109,7,10.24,8.14,10.13,53.75,57.0,26.29,31.5,42.0,15.57,412,258,10,158,103,4,9.58,9.2,41.2,39.5,25.8,25.75
Kuldeep Yadav,57,1194,1655,61,8.32,27.13,19.57,4/14,3,3,0,21,63.16,67,54,0,1326,962,41,262,178,20,7.44,8.27,8.83,0.0,32.34,13.1,0.0,23.46,8.9,986,684,33,669,510,28,8.65,7.87,29.88,23.89,20.73,18.21
L Ablish,3,42,75,3,10.71,25.0,14.0,2/17,0,0,0,1,66.67,26,12,0,31,12,0,18,18,3,13.0,15.5,6.0,0.0,0.0,6.0,0.0,0.0,6.0,75,42,3,0,0,0,10.71,0.0,25.0,0.0,14.0,0.0
L Balaji,73,1512,2028,76,8.05,26.68,19.89,5/24,3,3,1,28,61.64,522,450,15,653,560,28,853,502,33,6.96,7.0,10.2,34.8,23.32,25.85,30.0,20.0,15.21,943,726,32,1085,786,44,7.79,8.28,29.47,24.66,22.69,17.86
L Ngidi,14,324,448,25,8.3,17.92,12.96,4/10,3,1,0,1,92.86,158,132,7,76,60,5,214,132,13,7.18,7.6,9.73,22.57,15.2,16.46,18.86,12.0,10.15,296,234,20,152,90,5,7.59,10.13,14.8,30.4,11.7,18.0
LA Carseldine,1,6,6,1,6.0,6.0,6.0,1/6,0,0,0,0,100.0,6,6,1,0,0,0,0,0,0,6.0,0.0,0.0,6.0,0.0,0.0,6.0,0.0,0.0,6,6,1,0,0,0,6.0,0.0,6.0,0.0,6.0,0.0
LE Plunkett,7,150,225,4,9.0,56.25,37.5,3/17,1,0,0,5,28.57,71,42,1,85,60,1,69,48,2,10.14,8.5,8.62,71.0,85.0,34.5,42.0,60.0,24.0,69,42,3,156,108,1,9.86,8.67,23.0,156.0,14.0,108.0
LH Ferguson,35,765,1075,36,8.43,29.86,21.25,4/28,3,1,0,13,62.86,287,210,13,382,318,11,406,237,12,8.2,7.21,10.28,22.08,34.73,33.83,16.15,28.91,19.75,507,342,12,568,423,24,8.89,8.06,42.25,23.67,28.5,17.62
LI Meriwala,1,18,32,1,10.67,32.0,18.0,1/32,0,0,0,0,100.0,28,12,0,4,6,1,0,0,0,14.0,4.0,0.0,0.0,4.0,0.0,0.0,6.0,0.0,32,18,1,0,0,0,10.67,0.0,32.0,0.0,18.0,0.0
LJ Wright,6,71,124,2,10.48,62.0,35.5,1/12,0,0,0,4,33.33,12,6,0,67,42,1,45,23,1,12.0,9.57,11.74,0.0,67.0,45.0,0.0,42.0,23.0,54,36,2,70,35,0,9.0,12.0,27.0,0.0,18.0,0.0
LMP Simmons,1,18,34,1,11.33,34.0,18.0,1/34,0,0,0,0,100.0,0,0,0,10,6,0,24,12,1,0.0,10.0,12.0,0.0,0.0,24.0,0.0,0.0,12.0,0,0,0,34,18,1,0.0,11.33,0.0,34.0,0.0,18.0
LPC Silva,1,6,21,0,21.0,0.0,0.0,0/21,0,0,0,1,0.0,0,0,0,0,0,0,21,6,0,0.0,0.0,21.0,0.0,0.0,0.0,0.0,0.0,0.0,0,0,0,21,6,0,0.0,21.0,0.0,0.0,0.0,0.0
LR Shukla,27,314,447,15,8.54,29.8,20.93,3/6,2,0,0,16,40.74,50,26,0,275,210,6,122,78,9,11.54,7.86,9.38,0.0,45.83,13.56,0.0,35.0,8.67,253,186,7,194,128,8,8.16,9.09,36.14,24.25,26.57,16.0
LRPL Taylor,2,12,24,0,12.0,0.0,0.0,0/11,0,0,0,2,0.0,0,0,0,24,12,0,0,0,0,0.0,12.0,0.0,0.0,0.0,0.0,0.0,0.0,0.0,13,6,0,11,6,0,13.0,11.0,0.0,0.0,0.0,0.0
LS Livingstone,13,144,215,6,8.96,35.83,24.0,3/27,1,0,0,10,23.08,10,12,1,184,120,5,21,12,0,5.0,9.2,10.5,10.0,36.8,0.0,12.0,24.0,0.0,117,87,4,98,57,2,8.07,10.32,29.25,49.0,21.75,28.5
Lalit Yadav,13,192,251,8,7.84,31.38,24.0,2/11,0,0,0,7,46.15,58,48,2,171,132,5,22,12,1,7.25,7.77,11.0,29.0,34.2,22.0,24.0,26.4,12.0,181,138,5,70,54,3,7.87,7.78,36.2,23.33,27.6,18.0
M Ashwin,42,846,1109,35,7.87,31.69,24.17,3/21,2,0,0,18,57.14,139,90,2,792,636,26,178,120,7,9.27,7.47,8.9,69.5,30.46,25.43,45.0,24.46,17.14,471,354,12,638,492,23,7.98,7.78,39.25,27.74,29.5,21.39
M Jansen,10,228,319,9,8.39,35.44,25.33,3/25,1,0,0,4,60.0,185,144,5,87,60,3,47,24,1,7.71,8.7,11.75,37.0,29.0,47.0,28.8,20.0,24.0,211,168,7,108,60,2,7.54,10.8,30.14,54.0,24.0,30.0
M Kartik,55,1149,1388,31,7.25,44.77,37.06,3/17,1,0,0,32,41.82,208,179,7,974,816,18,206,154,6,6.97,7.16,8.03,29.71,54.11,34.33,25.57,45.33,25.67,538,447,13,850,702,18,7.22,7.26,41.38,47.22,34.38,39.0
M Manhas,3,42,42,0,6.0,0.0,0.0,0/9,0,0,0,3,0.0,0,0,0,34,36,0,8,6,0,0.0,5.67,8.0,0.0,0.0,0.0,0.0,0.0,0.0,23,24,0,19,18,0,5.75,6.33,0.0,0.0,0.0,0.0
M Markande,20,360,510,17,8.5,30.0,21.18,4/23,1,1,0,9,55.0,0,0,0,450,318,16,60,42,1,0.0,8.49,8.57,0.0,28.12,60.0,0.0,19.88,42.0,206,144,6,304,216,11,8.58,8.44,34.33,27.64,24.0,19.64
M Morkel,70,1629,2089,77,7.69,27.13,21.16,4/20,5,1,0,22,68.57,1077,906,36,420,333,10,592,390,31,7.13,7.57,9.11,29.92,42.0,19.1,25.17,33.3,12.58,1337,1032,53,752,597,24,7.77,7.56,25.23,31.33,19.47,24.88
M Muralitharan,66,1524,1696,63,6.68,26.92,24.19,3/11,5,0,0,24,63.64,149,144,2,1174,1105,39,373,275,22,6.21,6.37,8.14,74.5,30.1,16.95,72.0,28.33,12.5,722,642,21,974,882,42,6.75,6.63,34.38,23.19,30.57,21.0
M Ntini,9,210,242,7,6.91,34.57,30.0,4/21,0,1,0,6,33.33,168,156,5,22,18,0,52,36,2,6.46,7.33,8.67,33.6,0.0,26.0,31.2,0.0,18.0,138,120,7,104,90,0,6.9,6.93,19.71,0.0,17.14,0.0
M Pathirana,2,41,52,2,7.61,26.0,20.5,2/24,0,0,0,1,50.0,0,0,0,25,24,2,27,17,0,0.0,6.25,9.53,0.0,12.5,0.0,0.0,12.0,0.0,0,0,0,52,41,2,0.0,7.61,0.0,26.0,0.0,20.5
M Prasidh Krishna,51,1146,1702,49,8.91,34.73,23.39,4/30,4,1,0,20,60.78,694,529,14,318,225,11,690,392,24,7.87,8.48,10.56,49.57,28.91,28.75,37.79,20.45,16.33,758,474,21,944,672,28,9.59,8.43,36.1,33.71,22.57,24.0
M Theekshana,9,210,261,12,7.46,21.75,17.5,4/33,1,1,0,3,66.67,119,90,6,100,78,2,42,42,4,7.93,7.69,6.0,19.83,50.0,10.5,15.0,39.0,10.5,94,72,5,167,138,7,7.83,7.26,18.8,23.86,14.4,19.71
M Vijay,4,36,49,0,8.17,0.0,0.0,0/8,0,0,0,4,0.0,8,6,0,41,30,0,0,0,0,8.0,8.2,0.0,0.0,0.0,0.0,0.0,0.0,0.0,41,30,0,8,6,0,8.2,8.0,0.0,0.0,0.0,0.0
M de Lange,5,108,169,5,9.39,33.8,21.6,3/34,1,0,0,3,40.0,81,60,2,28,18,1,60,30,2,8.1,9.33,12.0,40.5,28.0,30.0,30.0,18.0,15.0,30,24,0,139,84,5,7.5,9.93,0.0,27.8,0.0,16.8
MA Khote,2,30,51,2,10.2,25.5,15.0,2/29,0,0,0,1,50.0,0,0,0,28,18,1,23,12,1,0.0,9.33,11.5,0.0,28.0,23.0,0.0,18.0,12.0,51,30,2,0,0,0,10.2,0.0,25.5,0.0,15.0,0.0
MA Starc,26,580,693,34,7.17,20.38,17.06,4/15,3,1,0,7,73.08,332,294,9,106,84,8,255,202,17,6.78,7.57,7.57,36.89,13.25,15.0,32.67,10.5,11.88,421,354,23,272,226,11,7.14,7.22,18.3,24.73,15.39,20.55
MA Wood,1,24,49,0,12.25,0.0,0.0,0/49,0,0,0,1,0.0,0,0,0,13,12,0,36,12,0,0.0,6.5,18.0,0.0,0.0,0.0,0.0,0.0,0.0,49,24,0,0,0,0,12.25,0.0,0.0,0.0,0.0,0.0
MB Parmar,1,18,33,0,11.0,0.0,0.0,0/33,0,0,0,1,0.0,14,6,0,19,12,0,0,0,0,14.0,9.5,0.0,0.0,0.0,0.0,0.0,0.0,0.0,0,0,0,33,18,0,0.0,11.0,0.0,0.0,0.0,0.0
MC Henriques,60,950,1289,42,8.14,30.69,22.62,3/12,2,0,0,30,50.0,275,203,9,857,649,28,157,98,5,8.13,7.92,9.61,30.56,30.61,31.4,22.56,23.18,19.6,476,365,14,813,585,28,7.82,8.34,34.0,29.04,26.07,20.89
MF Maharoof,20,420,520,27,7.43,19.26,15.56,3/34,1,0,0,5,75.0,208,168,8,159,150,9,153,102,10,7.43,6.36,9.0,26.0,17.67,15.3,21.0,16.67,10.2,295,234,17,225,186,10,7.56,7.26,17.35,22.5,13.76,18.6
MG Johnson,54,1232,1702,61,8.29,27.9,20.2,3/26,3,0,0,17,68.52,811,618,25,415,312,7,476,302,29,7.87,7.98,9.46,32.44,59.29,16.41,24.72,44.57,10.41,896,619,24,806,613,37,8.68,7.89,37.33,21.78,25.79,16.57
MG Neser,1,24,62,0,15.5,0.0,0.0,0/62,0,0,0,1,0.0,18,6,0,11,6,0,33,12,0,18.0,11.0,16.5,0.0,0.0,0.0,0.0,0.0,0.0,62,24,0,0,0,0,15.5,0.0,0.0,0.0,0.0,0.0
MJ Clarke,5,66,67,2,6.09,33.5,33.0,1/12,0,0,0,3,40.0,0,0,0,58,60,2,9,6,0,0.0,5.8,9.0,0.0,29.0,0.0,0.0,30.0,0.0,55,54,1,12,12,1,6.11,6.0,55.0,12.0,54.0,12.0
MJ Henry,2,30,71,1,14.2,71.0,30.0,1/31,0,0,0,1,50.0,36,18,0,0,0,0,35,12,1,12.0,0.0,17.5,0.0,0.0,35.0,0.0,0.0,12.0,0,0,0,71,30,1,0.0,14.2,0.0,71.0,0.0,30.0
MJ McClenaghan,56,1274,1803,71,8.49,25.39,17.94,4/21,7,1,0,14,75.0,850,654,31,367,252,8,586,368,32,7.8,8.74,9.55,27.42,45.88,18.31,21.1,31.5,11.5,975,666,37,828,608,34,8.78,8.17,26.35,24.35,18.0,17.88
MJ Santner,12,240,277,10,6.92,27.7,24.0,2/13,0,0,0,3,75.0,109,78,2,158,150,7,10,12,1,8.38,6.32,5.0,54.5,22.57,10.0,39.0,21.43,12.0,145,144,7,132,96,3,6.04,8.25,20.71,44.0,20.57,32.0
MK Lomror,8,72,92,1,7.67,92.0,72.0,1/22,0,0,0,7,12.5,11,12,1,81,60,0,0,0,0,5.5,8.1,0.0,11.0,0.0,0.0,12.0,0.0,0.0,24,18,0,68,54,1,8.0,7.56,0.0,68.0,0.0,54.0
MK Tiwary,6,42,83,1,11.86,83.0,42.0,1/11,0,0,0,5,16.67,0,0,0,55,30,0,28,12,1,0.0,11.0,14.0,0.0,0.0,28.0,0.0,0.0,12.0,58,30,1,25,12,0,11.6,12.5,58.0,0.0,30.0,0.0
MM Ali,37,554,627,24,6.79,26.12,23.08,3/7,2,0,0,19,48.65,37,42,0,540,473,24,50,39,0,5.29,6.85,7.69,0.0,22.5,0.0,0.0,19.71,0.0,259,217,8,368,337,16,7.16,6.55,32.38,23.0,27.12,21.06
MM Patel,63,1355,1698,74,7.52,22.95,18.31,5/21,4,2,1,23,63.49,762,654,29,397,396,22,539,305,23,6.99,6.02,10.6,26.28,18.05,23.43,22.55,18.0,13.26,870,698,41,828,657,33,7.48,7.56,21.22,25.09,17.02,19.91
MM Sharma,86,1754,2470,92,8.45,26.85,19.07,4/14,9,1,0,30,65.12,1058,798,35,537,438,16,875,518,41,7.95,7.36,10.14,30.23,33.56,21.34,22.8,27.38,12.63,1158,799,43,1312,955,49,8.7,8.24,26.93,26.78,18.58,19.49
MN Samuels,11,214,284,9,7.96,31.56,23.78,3/39,1,0,0,4,63.64,81,78,2,116,84,2,87,52,5,6.23,8.29,10.04,40.5,58.0,17.4,39.0,42.0,10.4,196,126,6,88,88,3,9.33,6.0,32.67,29.33,21.0,29.33
MP Stoinis,50,654,1048,34,9.61,30.82,19.24,4/15,3,1,0,28,44.0,169,108,6,590,409,15,289,137,13,9.39,8.66,12.66,28.17,39.33,22.23,18.0,27.27,10.54,439,289,12,609,365,22,9.11,10.01,36.58,27.68,24.08,16.59
MR Marsh,23,391,522,24,8.01,21.75,16.29,4/25,0,1,0,8,65.22,123,82,4,246,219,11,153,90,9,9.0,6.74,10.2,30.75,22.36,17.0,20.5,19.91,10.0,354,269,20,168,122,4,7.9,8.26,17.7,42.0,13.45,30.5
MS Gony,44,888,1287,37,8.7,34.78,24.0,3/31,2,0,0,17,61.36,711,486,18,368,282,12,208,120,7,8.78,7.83,10.4,39.5,30.67,29.71,27.0,23.5,17.14,579,396,16,708,492,21,8.77,8.63,36.19,33.71,24.75,23.43
Mandeep Singh,2,12,26,0,13.0,0.0,0.0,0/8,0,0,0,2,0.0,0,0,0,26,12,0,0,0,0,0.0,13.0,0.0,0.0,0.0,0.0,0.0,0.0,0.0,18,6,0,8,6,0,18.0,8.0,0.0,0.0,0.0,0.0
Mashrafe Mortaza,1,24,58,0,14.5,0.0,0.0,0/58,0,0,0,1,0.0,26,12,0,0,0,0,32,12,0,13.0,0.0,16.0,0.0,0.0,0.0,0.0,0.0,0.0,0,0,0,58,24,0,0.0,14.5,0.0,0.0,0.0,0.0
Mohammad Asif,8,192,296,8,9.25,37.0,24.0,2/19,0,0,0,2,75.0,145,90,3,50,42,1,101,60,4,9.67,7.14,10.1,48.33,50.0,25.25,30.0,42.0,15.0,131,96,5,165,96,3,8.19,10.31,26.2,55.0,19.2,32.0
Mohammad Hafeez,4,60,68,2,6.8,34.0,30.0,1/8,0,0,0,2,50.0,0,0,0,68,60,2,0,0,0,0.0,6.8,0.0,0.0,34.0,0.0,0.0,30.0,0.0,36,42,2,32,18,0,5.14,10.67,18.0,0.0,21.0,0.0
Mohammad Nabi,17,343,408,13,7.14,31.38,26.38,4/11,0,1,0,9,47.06,151,150,7,225,174,4,32,19,2,6.04,7.76,10.11,21.57,56.25,16.0,21.43,43.5,9.5,174,162,7,234,181,6,6.44,7.76,24.86,39.0,23.14,30.17
Mohammed Shami,93,2036,2890,99,8.52,29.19,20.57,3/15,8,0,0,28,69.89,1344,1074,29,539,390,13,1007,572,57,7.51,8.29,10.56,46.34,41.46,17.67,37.03,30.0,10.04,1573,1097,61,1317,939,38,8.6,8.42,25.79,34.66,17.98,24.71
Mohammed Siraj,65,1334,1951,60,8.78,32.52,22.23,4/32,4,1,0,30,53.85,853,594,21,374,324,14,724,416,25,8.62,6.93,10.44,40.62,26.71,28.96,28.29,23.14,16.64,813,582,26,1138,752,34,8.38,9.08,31.27,33.47,22.38,22.12
Mohsin Khan,9,198,197,14,5.97,14.07,14.14,4/16,2,1,0,2,77.78,84,96,6,44,54,3,69,48,5,5.25,4.89,8.62,14.0,14.67,13.8,16.0,18.0,9.6,86,72,2,111,126,12,7.17,5.29,43.0,9.25,36.0,10.5
Monu Kumar,1,12,20,0,10.0,0.0,0.0,0/20,0,0,0,1,0.0,7,6,0,0,0,0,13,6,0,7.0,0.0,13.0,0.0,0.0,0.0,0.0,0.0,0.0,20,12,0,0,0,0,10.0,0.0,0.0,0.0,0.0,0.0
Mujeeb Ur Rahman,19,434,592,19,8.18,31.16,22.84,3/27,1,0,0,8,57.89,163,134,5,287,228,9,142,72,5,7.3,7.55,11.83,32.6,31.89,28.4,26.8,25.33,14.4,365,254,12,227,180,7,8.62,7.57,30.42,32.43,21.17,25.71
Mukesh Choudhary,13,273,424,16,9.32,26.5,17.06,4/46,2,1,0,5,61.54,273,192,11,62,42,3,89,39,2,8.53,8.86,13.69,24.82,20.67,44.5,17.45,14.0,19.5,137,84,4,287,189,12,9.79,9.11,34.25,23.92,21.0,15.75
Mustafizur Rahman,46,1050,1365,46,7.8,29.67,22.83,3/16,5,0,0,16,65.22,379,342,9,336,260,12,650,448,25,6.65,7.75,8.71,42.11,28.0,26.0,38.0,21.67,17.92,653,526,25,712,524,21,7.45,8.15,26.12,33.9,21.04,24.95
N Rana,18,127,177,7,8.36,25.29,18.14,2/11,0,0,0,13,27.78,11,19,0,161,102,6,5,6,1,3.47,9.47,5.0,0.0,26.83,5.0,0.0,17.0,6.0,97,72,6,80,55,1,8.08,8.73,16.17,80.0,12.0,55.0
NB Singh,2,24,15,1,3.75,15.0,24.0,1/7,0,0,0,1,50.0,15,24,1,0,0,0,0,0,0,3.75,0.0,0.0,15.0,0.0,0.0,24.0,0.0,0.0,15,24,1,0,0,0,3.75,0.0,15.0,0.0,24.0,0.0
ND Doshi,4,56,79,2,8.46,39.5,28.0,1/15,0,0,0,2,50.0,32,18,1,36,26,0,11,12,1,10.67,8.31,5.5,32.0,0.0,11.0,18.0,0.0,12.0,17,24,1,62,32,1,4.25,11.62,17.0,62.0,24.0,32.0
NJ Rimmington,1,18,19,0,6.33,0.0,0.0,0/19,0,0,0,1,0.0,13,12,0,6,6,0,0,0,0,6.5,6.0,0.0,0.0,0.0,0.0,0.0,0.0,0.0,0,0,0,19,18,0,0.0,6.33,0.0,0.0,0.0,0.0
NL McCullum,2,30,34,0,6.8,0.0,0.0,0/12,0,0,0,2,0.0,12,12,0,22,18,0,0,0,0,6.0,7.33,0.0,0.0,0.0,0.0,0.0,0.0,0.0,12,12,0,22,18,0,6.0,7.33,0.0,0.0,0.0,0.0
NLTC Perera,36,698,1016,31,8.73,32.77,22.52,3/20,3,0,0,17,52.78,220,180,6,361,288,8,435,230,17,7.33,7.52,11.35,36.67,45.12,25.59,30.0,36.0,13.53,499,355,16,517,343,15,8.43,9.04,31.19,34.47,22.19,22.87
NM Coulter-Nile,38,857,1100,48,7.7,22.92,17.85,4/14,5,2,0,13,65.79,428,360,15,279,249,11,393,248,22,7.13,6.72,9.51,28.53,25.36,17.86,24.0,22.64,11.27,541,462,34,559,395,14,7.03,8.49,15.91,39.93,13.59,28.21
NT Ellis,5,102,145,4,8.53,36.25,25.5,3/40,1,0,0,3,40.0,35,30,0,43,36,1,67,36,3,7.0,7.17,11.17,0.0,43.0,22.33,0.0,36.0,12.0,86,48,3,59,54,1,10.75,6.56,28.67,59.0,16.0,54.0
Navdeep Saini,30,622,900,20,8.68,45.0,31.1,2/24,0,0,0,16,46.67,373,270,7,259,180,2,268,172,11,8.29,8.63,9.35,53.29,129.5,24.36,38.57,90.0,15.64,348,216,5,552,406,15,9.67,8.16,69.6,36.8,43.2,27.07
O Thomas,4,60,79,5,7.9,15.8,12.0,2/6,0,0,0,1,75.0,53,36,2,8,12,1,18,12,2,8.83,4.0,9.0,26.5,8.0,9.0,18.0,12.0,6.0,66,54,5,13,6,0,7.33,13.0,13.2,0.0,10.8,0.0
OC McCoy,7,156,236,11,9.08,21.45,14.18,3/23,1,0,0,1,85.71,14,12,0,138,85,3,84,59,8,7.0,9.74,8.54,0.0,46.0,10.5,0.0,28.33,7.38,43,48,5,193,108,6,5.38,10.72,8.6,32.17,9.6,18.0
OF Smith,6,90,178,6,11.87,29.67,15.0,4/30,0,1,0,3,50.0,21,18,1,112,54,2,45,18,3,7.0,12.44,15.0,21.0,56.0,15.0,18.0,27.0,6.0,52,24,0,126,66,6,13.0,11.45,0.0,21.0,0.0,11.0
P Amarnath,6,132,236,7,10.73,33.71,18.86,2/29,0,0,0,1,83.33,12,6,0,185,108,6,39,18,1,12.0,10.28,13.0,0.0,30.83,39.0,0.0,18.0,18.0,64,42,2,172,90,5,9.14,11.47,32.0,34.4,21.0,18.0
P Awana,33,747,1029,39,8.27,26.38,19.15,4/34,3,1,0,10,69.7,357,270,13,365,306,12,307,171,14,7.93,7.16,10.77,27.46,30.42,21.93,20.77,25.5,12.21,521,420,19,508,327,20,7.44,9.32,27.42,25.4,22.11,16.35
P Dubey,3,48,72,0,9.0,0.0,0.0,0/14,0,0,0,3,0.0,0,0,0,61,42,0,11,6,0,0.0,8.71,11.0,0.0,0.0,0.0,0.0,0.0,0.0,0,0,0,72,48,0,0.0,9.0,0.0,0.0,0.0,0.0
P Kumar,119,2524,3251,90,7.73,36.12,28.04,3/18,3,0,0,57,52.1,1754,1572,40,465,360,14,1032,592,36,6.69,7.75,10.46,43.85,33.21,28.67,39.3,25.71,16.44,1786,1329,47,1465,1195,43,8.06,7.36,38.0,34.07,28.28,27.79
P Negi,42,716,939,35,7.87,26.83,20.46,4/18,2,1,0,20,52.38,64,42,2,726,594,25,149,80,8,9.14,7.33,11.18,32.0,29.04,18.62,21.0,23.76,10.0,380,318,15,559,398,20,7.17,8.43,25.33,27.95,21.2,19.9
P Parameswaran,8,154,224,9,8.73,24.89,17.11,3/30,1,0,0,3,62.5,65,36,2,97,79,2,62,39,5,10.83,7.37,9.54,32.5,48.5,12.4,18.0,39.5,7.8,106,87,6,118,67,3,7.31,10.57,17.67,39.33,14.5,22.33
P Prasanth,1,6,18,0,18.0,0.0,0.0,0/18,0,0,0,1,0.0,0,0,0,18,6,0,0,0,0,0.0,18.0,0.0,0.0,0.0,0.0,0.0,0.0,0.0,18,6,0,0,0,0,18.0,0.0,0.0,0.0,0.0,0.0
P Ray Barman,1,24,56,0,14.0,0.0,0.0,0/56,0,0,0,1,0.0,0,0,0,36,18,0,20,6,0,0.0,12.0,20.0,0.0,0.0,0.0,0.0,0.0,0.0,56,24,0,0,0,0,14.0,0.0,0.0,0.0,0.0,0.0
P Sahu,5,105,146,3,8.34,48.67,35.0,2/18,0,0,0,3,40.0,10,6,0,106,81,3,30,18,0,10.0,7.85,10.0,0.0,35.33,0.0,0.0,27.0,0.0,66,42,0,80,63,3,9.43,7.62,0.0,26.67,0.0,21.0
P Suyal,5,96,151,2,9.44,75.5,48.0,1/21,0,0,0,3,40.0,91,60,1,18,12,1,42,24,0,9.1,9.0,10.5,91.0,18.0,0.0,60.0,12.0,0.0,22,18,0,129,78,2,7.33,9.92,0.0,64.5,0.0,39.0
PC Valthaty,10,151,205,7,8.15,29.29,21.57,4/29,0,1,0,6,40.0,0,0,0,175,132,5,30,19,2,0.0,7.95,9.47,0.0,35.0,15.0,0.0,26.4,9.5,92,66,5,113,85,2,8.36,7.98,18.4,56.5,13.2,42.5
PD Collingwood,6,89,101,5,6.81,20.2,17.8,2/19,0,0,0,2,66.67,0,0,0,80,66,2,21,23,3,0.0,7.27,5.48,0.0,40.0,7.0,0.0,33.0,7.67,69,54,1,32,35,4,7.67,5.49,69.0,8.0,54.0,8.75
PH Solanki,2,36,38,2,6.33,19.0,18.0,2/20,0,0,0,1,50.0,0,0,0,23,24,1,15,12,1,0.0,5.75,7.5,0.0,23.0,15.0,0.0,24.0,12.0,0,0,0,38,36,2,0.0,6.33,0.0,19.0,0.0,18.0
PJ Cummins,42,953,1357,45,8.54,30.16,21.18,4/34,3,1,0,16,61.9,575,432,16,344,258,12,438,263,17,7.99,8.0,9.99,35.94,28.67,25.76,27.0,21.5,15.47,794,492,19,563,461,26,9.68,7.33,41.79,21.65,25.89,17.73
PJ Sangwan,42,856,1240,38,8.69,32.63,22.53,3/18,3,0,0,16,61.9,509,354,13,512,366,19,219,136,6,8.63,8.39,9.66,39.15,26.95,36.5,27.23,19.26,22.67,655,468,20,585,388,18,8.4,9.05,32.75,32.5,23.4,21.56
PM Sarvesh Kumar,2,30,42,1,8.4,42.0,30.0,1/18,0,0,0,1,50.0,8,6,0,34,24,1,0,0,0,8.0,8.5,0.0,0.0,34.0,0.0,0.0,24.0,0.0,24,18,0,18,12,1,8.0,9.0,0.0,18.0,0.0,12.0
PP Chawla,164,3274,4301,157,7.88,27.39,20.85,4/17,10,2,0,59,64.02,456,359,18,3241,2501,102,604,414,37,7.62,7.78,8.75,25.33,31.77,16.32,19.94,24.52,11.19,2462,1836,84,1839,1438,73,8.05,7.67,29.31,25.19,21.86,19.7
PP Ojha,90,1898,2332,89,7.37,26.2,21.33,3/11,5,0,0,34,62.22,317,240,6,1567,1372,63,448,286,20,7.92,6.85,9.4,52.83,24.87,22.4,40.0,21.78,14.3,1107,888,37,1225,1010,52,7.48,7.28,29.92,23.56,24.0,19.42
PV Tambe,33,660,853,28,7.75,30.46,23.57,4/20,1,1,0,15,54.55,112,78,3,598,504,20,143,78,5,8.62,7.12,11.0,37.33,29.9,28.6,26.0,25.2,15.6,582,456,21,271,204,7,7.66,7.97,27.71,38.71,21.71,29.14
PVD Chameera,12,264,384,9,8.73,42.67,29.33,2/17,0,0,0,6,50.0,195,144,7,78,60,0,111,60,2,8.12,7.8,11.1,27.86,0.0,55.5,20.57,0.0,30.0,225,132,2,159,132,7,10.23,7.23,112.5,22.71,66.0,18.86
PWH de Silva,18,378,490,26,7.78,18.85,14.54,5/18,0,1,1,4,77.78,56,30,0,323,270,19,111,78,7,11.2,7.18,8.54,0.0,17.0,15.86,0.0,14.21,11.14,178,162,14,312,216,12,6.59,8.67,12.71,26.0,11.57,18.0
Pankaj Singh,17,300,468,11,9.36,42.55,27.27,2/18,0,0,0,11,35.29,193,150,8,165,102,2,110,48,1,7.72,9.71,13.75,24.12,82.5,110.0,18.75,51.0,48.0,288,168,5,180,132,6,10.29,8.18,57.6,30.0,33.6,22.0
Parvez Rasool,11,198,271,4,8.21,67.75,49.5,1/20,0,0,0,7,36.36,100,66,1,171,132,3,0,0,0,9.09,7.77,0.0,100.0,57.0,0.0,66.0,44.0,0.0,165,120,2,106,78,2,8.25,8.15,82.5,53.0,60.0,39.0
R Ashwin,181,3900,4534,157,6.98,28.88,24.84,4/34,7,1,0,71,60.77,1162,1054,46,2684,2323,78,688,523,33,6.61,6.93,7.89,25.26,34.41,20.85,22.91,29.78,15.85,2036,1665,62,2498,2235,95,7.34,6.71,32.84,26.29,26.85,23.53
R Bhatia,91,1636,2020,71,7.41,28.45,23.04,4/15,3,1,0,44,51.65,25,12,0,1662,1393,52,333,231,19,12.5,7.16,8.65,0.0,31.96,17.53,0.0,26.79,12.16,1085,942,40,935,694,31,6.91,8.08,27.12,30.16,23.55,22.39
R Dhawan,31,602,796,24,7.93,33.17,25.08,2/14,0,0,0,13,58.06,124,102,4,512,408,16,160,92,4,7.29,7.53,10.43,31.0,32.0,40.0,25.5,25.5,23.0,324,252,7,472,350,17,7.71,8.09,46.29,27.76,36.0,20.59
R McLaren,18,354,542,12,9.19,45.17,29.5,2/28,0,0,0,9,50.0,212,150,4,180,120,3,150,84,5,8.48,9.0,10.71,53.0,60.0,30.0,37.5,40.0,16.8,303,186,6,239,168,6,9.77,8.54,50.5,39.83,31.0,28.0
R Ninan,2,36,65,3,10.83,21.67,12.0,2/31,0,0,0,0,100.0,0,0,0,49,30,3,16,6,0,0.0,9.8,16.0,0.0,16.33,0.0,0.0,10.0,0.0,65,36,3,0,0,0,10.83,0.0,21.67,0.0,12.0,0.0
R Parag,19,157,280,4,10.7,70.0,39.25,1/7,0,0,0,15,21.05,10,6,1,252,144,3,18,7,0,10.0,10.5,15.43,10.0,84.0,0.0,6.0,48.0,0.0,123,78,3,157,79,1,9.46,11.92,41.0,157.0,26.0,79.0
R Powell,1,6,17,0,17.0,0.0,0.0,0/17,0,0,0,1,0.0,0,0,0,17,6,0,0,0,0,0.0,17.0,0.0,0.0,0.0,0.0,0.0,0.0,0.0,0,0,0,17,6,0,0.0,17.0,0.0,0.0,0.0,0.0
R Rampaul,12,262,298,14,6.82,21.29,18.71,3/31,1,0,0,3,75.0,150,156,7,47,54,3,101,52,4,5.77,5.22,11.65,21.43,15.67,25.25,22.29,18.0,13.0,82,70,3,216,192,11,7.03,6.75,27.33,19.64,23.33,17.45
R Sai Kishore,5,96,121,6,7.56,20.17,16.0,2/7,0,0,0,1,80.0,0,0,0,101,84,4,20,12,2,0.0,7.21,10.0,0.0,25.25,10.0,0.0,21.0,6.0,94,60,4,27,36,2,9.4,4.5,23.5,13.5,15.0,18.0
R Sanjay Yadav,1,12,23,0,11.5,0.0,0.0,0/23,0,0,0,1,0.0,8,6,0,15,6,0,0,0,0,8.0,15.0,0.0,0.0,0.0,0.0,0.0,0.0,0.0,23,12,0,0,0,0,11.5,0.0,0.0,0.0,0.0,0.0
R Sathish,14,139,232,3,10.01,77.33,46.33,1/11,0,0,0,11,21.43,0,0,0,154,114,3,78,25,0,0.0,8.11,18.72,0.0,51.33,0.0,0.0,38.0,0.0,60,42,1,172,97,2,8.57,10.64,60.0,86.0,42.0,48.5
R Sharma,44,928,1086,40,7.02,27.15,23.2,3/13,1,0,0,15,65.91,99,90,2,759,684,30,228,154,8,6.6,6.66,8.88,49.5,25.3,28.5,45.0,22.8,19.25,494,468,22,592,460,18,6.33,7.72,22.45,32.89,21.27,25.56
R Shepherd,3,54,98,3,10.89,32.67,18.0,2/42,0,0,0,1,66.67,15,12,1,60,30,1,23,12,1,7.5,12.0,11.5,15.0,60.0,23.0,12.0,30.0,12.0,75,48,3,23,6,0,9.38,23.0,25.0,0.0,16.0,0.0
R Shukla,7,120,208,5,10.4,41.6,24.0,2/28,0,0,0,3,57.14,74,54,4,63,36,1,71,30,0,8.22,10.5,14.2,18.5,63.0,0.0,13.5,36.0,0.0,116,66,1,92,54,4,10.55,10.22,116.0,23.0,66.0,13.5
R Tewatia,50,830,1096,33,7.92,33.21,25.15,3/18,4,0,0,27,46.0,15,12,0,1033,780,29,48,38,4,7.5,7.95,7.58,0.0,35.62,12.0,0.0,26.9,9.5,558,432,19,538,398,14,7.75,8.11,29.37,38.43,22.74,28.43
R Vinay Kumar,104,2121,2966,105,8.39,28.25,20.2,4/40,9,1,0,40,61.54,886,750,30,924,714,28,1156,657,47,7.09,7.76,10.56,29.53,33.0,24.6,25.0,25.5,13.98,1479,1050,56,1487,1071,49,8.45,8.33,26.41,30.35,18.75,21.86
RA Jadeja,181,3205,4064,132,7.61,30.79,24.28,5/16,9,3,1,99,45.3,185,132,6,3169,2573,97,710,500,29,8.41,7.39,8.52,30.83,32.67,24.48,22.0,26.53,17.24,2244,1740,66,1820,1465,66,7.74,7.45,34.0,27.58,26.36,22.2
RA Shaikh,1,6,11,0,11.0,0.0,0.0,0/11,0,0,0,1,0.0,11,6,0,0,0,0,0,0,0,11.0,0.0,0.0,0.0,0.0,0.0,0.0,0.0,0.0,0,0,0,11,6,0,0.0,11.0,0.0,0.0,0.0,0.0
RA Tripathi,1,6,12,0,12.0,0.0,0.0,0/12,0,0,0,1,0.0,0,0,0,12,6,0,0,0,0,0.0,12.0,0.0,0.0,0.0,0.0,0.0,0.0,0.0,0,0,0,12,6,0,0.0,12.0,0.0,0.0,0.0,0.0
RD Chahar,54,1180,1477,57,7.51,25.91,20.7,4/27,4,1,0,20,62.96,84,66,3,1283,1020,45,110,94,9,7.64,7.55,7.02,28.0,28.51,12.22,22.0,22.67,10.44,532,447,17,945,733,40,7.14,7.74,31.29,23.62,26.29,18.32
RE van der Merwe,21,443,498,21,6.74,23.71,21.1,3/20,1,0,0,5,76.19,56,36,3,317,312,11,125,95,7,9.33,6.1,7.89,18.67,28.82,17.86,12.0,28.36,13.57,280,240,10,218,203,11,7.0,6.44,28.0,19.82,24.0,18.45
RG More,2,35,59,1,10.11,59.0,35.0,1/31,0,0,0,1,50.0,15,6,0,18,12,1,26,17,0,15.0,9.0,9.18,0.0,18.0,0.0,0.0,12.0,0.0,28,12,0,31,23,1,14.0,8.09,0.0,31.0,0.0,23.0
RG Sharma,32,339,453,15,8.02,30.2,22.6,4/6,1,1,0,23,28.12,67,50,2,315,240,6,71,49,7,8.04,7.88,8.69,33.5,52.5,10.14,25.0,40.0,7.0,212,140,2,241,199,13,9.09,7.27,106.0,18.54,70.0,15.31
RJ Harris,37,832,1047,45,7.55,23.27,18.49,4/34,5,1,0,11,70.27,456,426,14,167,132,6,424,274,25,6.42,7.59,9.28,32.57,27.83,16.96,30.43,22.0,10.96,702,540,33,345,292,12,7.8,7.09,21.27,28.75,16.36,24.33
RJ Peterson,4,48,70,3,8.75,23.33,16.0,3/37,1,0,0,3,25.0,10,12,0,21,18,1,39,18,2,5.0,7.0,13.0,0.0,21.0,19.5,0.0,18.0,9.0,70,48,3,0,0,0,8.75,0.0,23.33,0.0,16.0,0.0
RN ten Doeschate,10,78,94,2,7.23,47.0,39.0,1/7,0,0,0,8,20.0,0,0,0,82,72,2,12,6,0,0.0,6.83,12.0,0.0,41.0,0.0,0.0,36.0,0.0,56,42,1,38,36,1,8.0,6.33,56.0,38.0,42.0,36.0
RP Meredith,13,270,405,12,9.0,33.75,22.5,2/24,0,0,0,4,69.23,114,84,2,148,108,3,143,78,7,8.14,8.22,11.0,57.0,49.33,20.43,42.0,36.0,11.14,179,120,7,226,150,5,8.95,9.04,25.57,45.2,17.14,30.0
RP Singh,82,1775,2338,90,7.9,25.98,19.72,4/22,9,2,0,28,65.85,1195,1002,35,331,246,10,812,527,45,7.16,8.07,9.24,34.14,33.1,18.04,28.63,24.6,11.71,1301,977,58,1037,798,32,7.99,7.8,22.43,32.41,16.84,24.94
RR Bhatkal,1,12,35,0,17.5,0.0,0.0,0/35,0,0,0,1,0.0,20,6,0,15,6,0,0,0,0,20.0,15.0,0.0,0.0,0.0,0.0,0.0,0.0,0.0,0,0,0,35,12,0,0.0,17.5,0.0,0.0,0.0,0.0
RR Bose,1,12,24,0,12.0,0.0,0.0,0/24,0,0,0,1,0.0,24,12,0,0,0,0,0,0,0,12.0,0.0,0.0,0.0,0.0,0.0,0.0,0.0,0.0,24,12,0,0,0,0,12.0,0.0,0.0,0.0,0.0,0.0
RR Powar,26,426,527,13,7.42,40.54,32.77,2/11,0,0,0,16,38.46,169,132,4,323,270,7,35,24,2,7.68,7.18,8.75,42.25,46.14,17.5,33.0,38.57,12.0,262,222,6,265,204,7,7.08,7.79,43.67,37.86,37.0,29.14
RR Raje,10,139,209,6,9.02,34.83,23.17,2/16,0,0,0,6,40.0,9,6,0,136,96,5,64,37,1,9.0,8.5,10.38,0.0,27.2,64.0,0.0,19.2,37.0,103,74,5,106,65,1,8.35,9.78,20.6,106.0,14.8,65.0
RS Bopara,14,206,292,11,8.5,26.55,18.73,3/31,1,0,0,7,50.0,0,0,0,224,164,9,68,42,2,0.0,8.2,9.71,0.0,24.89,34.0,0.0,18.22,21.0,163,102,3,129,104,8,9.59,7.44,54.33,16.12,34.0,13.0
RS Gavaskar,1,6,8,0,8.0,0.0,0.0,0/8,0,0,0,1,0.0,0,0,0,0,0,0,8,6,0,0.0,0.0,8.0,0.0,0.0,0.0,0.0,0.0,0.0,8,6,0,0,0,0,8.0,0.0,0.0,0.0,0.0,0.0
RV Gomez,9,96,129,5,8.06,25.8,19.2,2/14,0,0,0,5,44.44,0,0,0,104,84,4,25,12,1,0.0,7.43,12.5,0.0,26.0,25.0,0.0,21.0,12.0,69,48,2,60,48,3,8.62,7.5,34.5,20.0,24.0,16.0
RV Patel,1,18,22,0,7.33,0.0,0.0,0/22,0,0,0,1,0.0,0,0,0,11,12,0,11,6,0,0.0,5.5,11.0,0.0,0.0,0.0,0.0,0.0,0.0,0,0,0,22,18,0,0.0,7.33,0.0,0.0,0.0,0.0
RW Price,1,18,33,0,11.0,0.0,0.0,0/33,0,0,0,1,0.0,14,6,0,19,12,0,0,0,0,14.0,9.5,0.0,0.0,0.0,0.0,0.0,0.0,0.0,33,18,0,0,0,0,11.0,0.0,0.0,0.0,0.0,0.0
Ramandeep Singh,3,36,54,6,9.0,9.0,6.0,3/20,1,0,0,0,100.0,0,0,0,23,18,2,31,18,4,0.0,7.67,10.33,0.0,11.5,7.75,0.0,9.0,4.5,54,36,6,0,0,0,9.0,0.0,9.0,0.0,6.0,0.0
Rashid Khan,92,2195,2333,112,6.38,20.83,19.6,4/24,11,1,0,20,78.26,242,192,9,1623,1625,79,468,378,24,7.56,5.99,7.43,26.89,20.54,19.5,21.33,20.57,15.75,1243,1152,53,1090,1043,59,6.47,6.27,23.45,18.47,21.74,17.68
Rasikh Salam,3,48,70,0,8.75,0.0,0.0,0/10,0,0,0,3,0.0,37,30,0,12,12,0,21,6,0,7.4,6.0,21.0,0.0,0.0,0.0,0.0,0.0,0.0,70,48,0,0,0,0,8.75,0.0,0.0,0.0,0.0,0.0
Ravi Bishnoi,37,846,1062,37,7.53,28.7,22.86,3/24,3,0,0,14,62.16,102,78,2,791,636,23,169,132,12,7.85,7.46,7.68,51.0,34.39,14.08,39.0,27.65,11.0,499,402,20,563,444,17,7.45,7.61,24.95,33.12,20.1,26.12
S Aravind,38,760,1039,45,8.2,23.09,16.89,4/14,1,2,0,11,71.05,536,426,20,265,186,10,238,148,15,7.55,8.55,9.65,26.8,26.5,15.87,21.3,18.6,9.87,586,411,22,453,349,23,8.55,7.79,26.64,19.7,18.68,15.17
S Badree,12,258,319,11,7.42,29.0,23.45,4/9,0,1,0,5,58.33,194,156,7,121,96,4,4,6,0,7.46,7.56,4.0,27.71,30.25,0.0,22.29,24.0,0.0,192,156,5,127,102,6,7.38,7.47,38.4,21.17,31.2,17.0
S Dhawan,6,48,66,4,8.25,16.5,12.0,1/7,0,0,0,2,66.67,26,18,1,40,30,3,0,0,0,8.67,8.0,0.0,26.0,13.33,0.0,18.0,10.0,0.0,12,18,1,54,30,3,4.0,10.8,12.0,18.0,18.0,10.0
S Dube,13,106,166,4,9.4,41.5,26.5,2/15,0,0,0,11,15.38,0,0,0,90,66,1,76,40,3,0.0,8.18,11.4,0.0,90.0,25.33,0.0,66.0,13.33,85,54,2,81,52,2,9.44,9.35,42.5,40.5,27.0,26.0
S Gopal,48,949,1282,49,8.11,26.16,19.37,4/16,4,1,0,20,58.33,150,114,8,1070,780,35,62,55,6,7.89,8.23,6.76,18.75,30.57,10.33,14.25,22.29,9.17,757,534,27,525,415,22,8.51,7.59,28.04,23.86,19.78,18.86
S Kaul,55,1209,1739,58,8.63,29.98,20.84,4/29,3,1,0,20,63.64,518,348,12,615,444,16,606,417,30,8.93,8.31,8.72,43.17,38.44,20.2,29.0,27.75,13.9,950,628,32,789,581,26,9.08,8.15,29.69,30.35,19.62,22.35
S Kaushik,10,204,297,6,8.74,49.5,34.0,3/20,1,0,0,7,30.0,37,18,0,203,162,6,57,24,0,12.33,7.52,14.25,0.0,33.83,0.0,0.0,27.0,0.0,152,84,3,145,120,3,10.86,7.25,50.67,48.33,28.0,40.0
S Ladda,9,138,224,5,9.74,44.8,27.6,2/44,0,0,0,5,44.44,27,18,1,125,84,1,72,36,3,9.0,8.93,12.0,27.0,125.0,24.0,18.0,84.0,12.0,187,114,4,37,24,1,9.84,9.25,46.75,37.0,28.5,24.0
S Lamichhane,9,210,292,13,8.34,22.46,16.15,3/36,2,0,0,1,88.89,100,72,5,140,108,7,52,30,1,8.33,7.78,10.4,20.0,20.0,52.0,14.4,15.43,30.0,142,96,7,150,114,6,8.88,7.89,20.29,25.0,13.71,19.0
S Midhun,1,12,27,0,13.5,0.0,0.0,0/27,0,0,0,1,0.0,0,0,0,27,12,0,0,0,0,0.0,13.5,0.0,0.0,0.0,0.0,0.0,0.0,0.0,0,0,0,27,12,0,0.0,13.5,0.0,0.0,0.0,0.0
S Nadeem,70,1415,1784,48,7.56,37.17,29.48,3/16,1,0,0,34,51.43,411,300,8,1192,1001,34,181,114,6,8.22,7.14,9.53,51.38,35.06,30.17,37.5,29.44,19.0,1252,1002,35,532,413,13,7.5,7.73,35.77,40.92,28.63,31.77
S Narwal,6,106,202,5,11.43,40.4,21.2,3/36,1,0,0,4,33.33,105,66,3,38,22,0,59,18,2,9.55,10.36,19.67,35.0,0.0,29.5,22.0,0.0,9.0,129,72,5,73,34,0,10.75,12.88,25.8,0.0,14.4,0.0
S Rana,3,16,18,0,6.75,0.0,0.0,0/2,0,0,0,3,0.0,0,0,0,16,12,0,2,4,0,0.0,8.0,3.0,0.0,0.0,0.0,0.0,0.0,0.0,9,6,0,9,10,0,9.0,5.4,0.0,0.0,0.0,0.0
S Randiv,8,174,223,6,7.69,37.17,29.0,2/24,0,0,0,3,62.5,21,12,0,175,144,3,27,18,3,10.5,7.29,9.0,0.0,58.33,9.0,0.0,48.0,6.0,63,42,2,160,132,4,9.0,7.27,31.5,40.0,21.0,33.0
S Sandeep Warrier,5,102,134,2,7.88,67.0,51.0,2/31,0,0,0,4,20.0,104,78,2,30,24,0,0,0,0,8.0,7.5,0.0,52.0,0.0,0.0,39.0,0.0,0.0,80,54,2,54,48,0,8.89,6.75,40.0,0.0,27.0,0.0
S Sreesanth,44,880,1194,41,8.14,29.12,21.46,3/29,1,0,0,17,61.36,729,570,28,221,174,5,244,136,8,7.67,7.62,10.76,26.04,44.2,30.5,20.36,34.8,17.0,629,504,26,565,376,15,7.49,9.02,24.19,37.67,19.38,25.07
S Sriram,2,18,49,0,16.33,0.0,0.0,0/24,0,0,0,2,0.0,0,0,0,49,18,0,0,0,0,0.0,16.33,0.0,0.0,0.0,0.0,0.0,0.0,0.0,49,18,0,0,0,0,16.33,0.0,0.0,0.0,0.0,0.0
S Tyagi,14,209,295,6,8.47,49.17,34.83,2/18,0,0,0,9,35.71,225,168,5,38,30,1,32,11,0,8.04,7.6,17.45,45.0,38.0,0.0,33.6,30.0,0.0,123,77,1,172,132,5,9.58,7.82,123.0,34.4,77.0,26.4
S Vidyut,1,12,22,1,11.0,22.0,12.0,1/22,0,0,0,0,100.0,0,0,0,22,12,1,0,0,0,0.0,11.0,0.0,0.0,22.0,0.0,0.0,12.0,0.0,0,0,0,22,12,1,0.0,11.0,0.0,22.0,0.0,12.0
SA Abbott,3,54,104,1,11.56,104.0,54.0,1/47,0,0,0,2,33.33,55,30,1,31,18,0,18,6,0,11.0,10.33,18.0,55.0,0.0,0.0,30.0,0.0,0.0,83,42,1,21,12,0,11.86,10.5,83.0,0.0,42.0,0.0
SA Yadav,1,6,8,0,8.0,0.0,0.0,0/8,0,0,0,1,0.0,8,6,0,0,0,0,0,0,0,8.0,0.0,0.0,0.0,0.0,0.0,0.0,0.0,0.0,8,6,0,0,0,0,8.0,0.0,0.0,0.0,0.0,0.0
SB Bangar,9,150,219,4,8.76,54.75,37.5,2/34,0,0,0,6,33.33,12,18,1,151,108,2,56,24,1,4.0,8.39,14.0,12.0,75.5,56.0,18.0,54.0,24.0,94,60,3,125,90,1,9.4,8.33,31.33,125.0,20.0,90.0
SB Jakati,57,1085,1451,47,8.02,30.87,23.09,4/22,0,2,0,27,52.63,138,96,0,1109,858,37,204,131,10,8.62,7.76,9.34,0.0,29.97,20.4,0.0,23.19,13.1,481,372,15,970,713,32,7.76,8.16,32.07,30.31,24.8,22.28
SB Joshi,4,55,82,1,8.95,82.0,55.0,1/27,0,0,0,3,25.0,0,0,0,69,48,0,13,7,1,0.0,8.62,11.14,0.0,0.0,13.0,0.0,0.0,7.0,55,36,0,27,19,1,9.17,8.53,0.0,27.0,0.0,19.0
SB Styris,11,216,276,8,7.67,34.5,27.0,3/32,1,0,0,6,45.45,45,42,1,118,108,1,113,66,6,6.43,6.56,10.27,45.0,118.0,18.83,42.0,108.0,11.0,146,108,4,130,108,4,8.11,7.22,36.5,32.5,27.0,27.0
SB Wagh,8,102,137,5,8.06,27.4,20.4,3/16,1,0,0,5,37.5,110,90,4,0,0,0,27,12,1,7.33,0.0,13.5,27.5,0.0,27.0,22.5,0.0,12.0,90,72,4,47,30,1,7.5,9.4,22.5,47.0,18.0,30.0
SC Ganguly,20,276,363,10,7.89,36.3,27.6,2/21,0,0,0,14,30.0,32,18,0,299,246,10,32,12,0,10.67,7.29,16.0,0.0,29.9,0.0,0.0,24.6,0.0,164,102,2,199,174,8,9.65,6.86,82.0,24.88,51.0,21.75
SC Kuggeleijn,2,48,71,2,8.88,35.5,24.0,2/37,0,0,0,1,50.0,11,6,0,27,18,0,33,24,2,11.0,9.0,8.25,0.0,0.0,16.5,0.0,0.0,12.0,34,24,0,37,24,2,8.5,9.25,0.0,18.5,0.0,12.0
SD Chitnis,2,36,60,2,10.0,30.0,18.0,2/40,0,0,0,1,50.0,12,6,0,39,24,1,9,6,1,12.0,9.75,9.0,0.0,39.0,9.0,0.0,24.0,6.0,40,24,2,20,12,0,10.0,10.0,20.0,0.0,12.0,0.0
SE Bond,8,186,224,9,7.23,24.89,20.67,2/24,0,0,0,2,75.0,94,90,4,43,42,3,87,54,2,6.27,6.14,9.67,23.5,14.33,43.5,22.5,14.0,27.0,109,96,5,115,90,4,6.81,7.67,21.8,28.75,19.2,22.5
SE Rutherford,6,41,59,1,8.63,59.0,41.0,1/6,0,0,0,5,16.67,0,0,0,57,36,1,2,5,0,0.0,9.5,2.4,0.0,57.0,0.0,0.0,36.0,0.0,53,35,0,6,6,1,9.09,6.0,0.0,6.0,0.0,6.0
SJ Srivastava,14,282,441,14,9.38,31.5,20.14,2/20,0,0,0,4,71.43,209,132,5,144,96,4,88,54,5,9.5,9.0,9.78,41.8,36.0,17.6,26.4,24.0,10.8,226,132,5,215,150,9,10.27,8.6,45.2,23.89,26.4,16.67
SK Raina,69,908,1118,25,7.39,44.72,36.32,2/0,0,0,0,47,31.88,82,66,2,849,713,17,187,129,6,7.45,7.14,8.7,41.0,49.94,31.17,33.0,41.94,21.5,423,305,7,695,603,18,8.32,6.92,60.43,38.61,43.57,33.5
SK Trivedi,75,1506,1904,65,7.59,29.29,23.17,4/25,4,1,0,34,54.67,197,126,6,1250,1074,39,457,306,20,9.38,6.98,8.96,32.83,32.05,22.85,21.0,27.54,15.3,1014,756,31,890,750,34,8.05,7.12,32.71,26.18,24.39,22.06
SK Warne,54,1194,1447,57,7.27,25.39,20.95,4/21,4,1,0,18,66.67,58,36,1,1065,942,38,324,216,18,9.67,6.78,9.0,58.0,28.03,18.0,36.0,24.79,12.0,887,708,30,560,486,27,7.52,6.91,29.57,20.74,23.6,18.0
SL Malinga,122,2827,3364,170,7.14,19.79,16.63,5/13,12,6,1,31,74.59,1159,1110,37,741,600,25,1464,1117,108,6.26,7.41,7.86,31.32,29.64,13.56,30.0,24.0,10.34,1662,1350,84,1702,1477,86,7.39,6.91,19.79,19.79,16.07,17.17
SM Boland,2,42,54,2,7.71,27.0,21.0,2/31,0,0,0,1,50.0,22,18,1,10,6,0,22,18,1,7.33,10.0,7.33,22.0,0.0,22.0,18.0,0.0,18.0,31,24,2,23,18,0,7.75,7.67,15.5,0.0,12.0,0.0
SM Curran,31,648,995,32,9.21,31.09,20.25,4/11,4,1,0,13,58.06,424,324,8,180,114,4,391,210,20,7.85,9.47,11.17,53.0,45.0,19.55,40.5,28.5,10.5,483,342,16,512,306,16,8.47,10.04,30.19,32.0,21.38,19.12
SM Harwood,3,60,73,3,7.3,24.33,20.0,2/25,0,0,0,1,66.67,7,18,1,20,18,1,46,24,1,2.33,6.67,11.5,7.0,20.0,46.0,18.0,18.0,24.0,25,24,2,48,36,1,6.25,8.0,12.5,48.0,12.0,36.0
SM Pollock,13,276,301,11,6.54,27.36,25.09,3/12,1,0,0,6,53.85,209,204,8,84,66,3,8,6,0,6.15,7.64,8.0,26.12,28.0,0.0,25.5,22.0,0.0,176,174,9,125,102,2,6.07,7.35,19.56,62.5,19.33,51.0
SMSM Senanayake,8,192,209,9,6.53,23.22,21.33,2/26,0,0,0,1,87.5,110,126,4,66,42,3,33,24,2,5.24,9.43,8.25,27.5,22.0,16.5,31.5,14.0,12.0,123,120,6,86,72,3,6.15,7.17,20.5,28.67,20.0,24.0
SN Khan,1,2,6,0,18.0,0.0,0.0,0/6,0,0,0,1,0.0,0,0,0,0,0,0,6,2,0,0.0,0.0,18.0,0.0,0.0,0.0,0.0,0.0,0.0,0,0,0,6,2,0,0.0,18.0,0.0,0.0,0.0,0.0
SN Thakur,74,1550,2340,82,9.06,28.54,18.9,4/36,6,1,0,27,63.51,750,522,21,661,500,23,929,528,38,8.62,7.93,10.56,35.71,28.74,24.45,24.86,21.74,13.89,1342,886,39,998,664,43,9.09,9.02,34.41,23.21,22.72,15.44
SP Narine,147,3457,3820,152,6.63,25.13,22.74,5/19,6,7,1,56,61.9,915,834,24,1741,1674,61,1164,949,67,6.58,6.24,7.36,38.12,28.54,17.37,34.75,27.44,14.16,2346,2074,87,1474,1383,65,6.79,6.39,26.97,22.68,23.84,21.28
SPD Smith,1,2,5,0,15.0,0.0,0.0,0/5,0,0,0,1,0.0,0,0,0,0,0,0,5,2,0,0.0,0.0,15.0,0.0,0.0,0.0,0.0,0.0,0.0,0,0,0,5,2,0,0.0,15.0,0.0,0.0,0.0,0.0
SR Tendulkar,4,36,58,0,9.67,0.0,0.0,0/7,0,0,0,4,0.0,0,0,0,39,30,0,19,6,0,0.0,7.8,19.0,0.0,0.0,0.0,0.0,0.0,0.0,7,6,0,51,30,0,7.0,10.2,0.0,0.0,0.0,0.0
SR Watson,105,2029,2682,92,7.93,29.15,22.05,4/29,7,1,0,49,53.33,986,834,34,746,618,16,950,577,42,7.09,7.24,9.88,29.0,46.62,22.62,24.53,38.62,13.74,1509,1128,51,1173,901,41,8.03,7.81,29.59,28.61,22.12,21.98
SS Agarwal,1,24,42,1,10.5,42.0,24.0,1/42,0,0,0,0,100.0,11,6,0,31,18,1,0,0,0,11.0,10.33,0.0,0.0,31.0,0.0,0.0,18.0,0.0,42,24,1,0,0,0,10.5,0.0,42.0,0.0,24.0,0.0
SS Cottrell,6,120,176,6,8.8,29.33,20.0,2/17,0,0,0,2,66.67,108,84,4,20,18,0,48,18,2,7.71,6.67,16.0,27.0,0.0,24.0,21.0,0.0,9.0,77,66,3,99,54,3,7.0,11.0,25.67,33.0,22.0,18.0
SS Iyer,1,6,7,0,7.0,0.0,0.0,0/7,0,0,0,1,0.0,0,0,0,0,0,0,7,6,0,0.0,0.0,7.0,0.0,0.0,0.0,0.0,0.0,0.0,0,0,0,7,6,0,0.0,7.0,0.0,0.0,0.0,0.0
SS Mundhe,1,6,6,1,6.0,6.0,6.0,1/6,0,0,0,0,100.0,6,6,1,0,0,0,0,0,0,6.0,0.0,0.0,6.0,0.0,0.0,6.0,0.0,0.0,6,6,1,0,0,0,6.0,0.0,6.0,0.0,6.0,0.0
SS Sarkar,2,25,34,1,8.16,34.0,25.0,1/15,0,0,0,1,50.0,15,6,0,6,6,0,13,13,1,15.0,6.0,6.0,0.0,0.0,13.0,0.0,0.0,13.0,15,18,1,19,7,0,5.0,16.29,15.0,0.0,18.0,0.0
ST Jayasuriya,21,294,390,13,7.96,30.0,22.62,3/14,1,0,0,13,38.1,10,6,0,294,228,10,86,60,3,10.0,7.74,8.6,0.0,29.4,28.67,0.0,22.8,20.0,102,96,8,288,198,5,6.38,8.73,12.75,57.6,12.0,39.6
STR Binny,63,594,758,23,7.66,32.96,25.83,2/8,0,0,0,43,31.75,193,156,6,468,378,14,97,60,3,7.42,7.43,9.7,32.17,33.43,32.33,26.0,27.0,20.0,404,336,13,354,258,10,7.21,8.23,31.08,35.4,25.85,25.8
SW Tait,21,473,640,24,8.12,26.67,19.71,3/13,4,0,0,9,57.14,294,228,7,139,95,3,207,150,14,7.74,8.78,8.28,42.0,46.33,14.79,32.57,31.67,10.71,279,186,14,361,287,10,9.0,7.55,19.93,36.1,13.29,28.7
Sachin Baby,2,10,8,2,4.8,4.0,5.0,2/4,0,0,0,1,50.0,0,0,0,4,6,0,4,4,2,0.0,4.0,6.0,0.0,0.0,2.0,0.0,0.0,2.0,0,0,0,8,10,2,0.0,4.8,0.0,4.0,0.0,5.0
Sandeep Sharma,104,2318,3002,114,7.77,26.33,20.33,4/20,9,2,0,33,68.27,1574,1374,54,626,474,21,802,470,39,6.87,7.92,10.24,29.15,29.81,20.56,25.44,22.57,12.05,1495,1164,54,1507,1154,60,7.71,7.84,27.69,25.12,21.56,19.23
Shahbaz Ahmed,22,330,472,13,8.58,36.31,25.38,3/7,1,0,0,14,36.36,112,78,0,340,228,9,20,24,4,8.62,8.95,5.0,0.0,37.78,5.0,0.0,25.33,6.0,217,150,4,255,180,9,8.68,8.5,54.25,28.33,37.5,20.0
Shahid Afridi,10,180,225,9,7.5,25.0,20.0,3/28,1,0,0,5,50.0,26,24,1,142,120,6,57,36,2,6.5,7.1,9.5,26.0,23.67,28.5,24.0,20.0,18.0,123,96,6,102,84,3,7.69,7.29,20.5,34.0,16.0,28.0
Shakib Al Hasan,70,1484,1839,63,7.44,29.19,23.56,3/17,2,0,0,25,64.29,561,450,18,971,840,32,307,194,13,7.48,6.94,9.49,31.17,30.34,23.62,25.0,26.25,14.92,974,852,38,865,632,25,6.86,8.21,25.63,34.6,22.42,25.28
Shashank Singh,2,12,20,0,10.0,0.0,0.0,0/10,0,0,0,2,0.0,0,0,0,20,12,0,0,0,0,0.0,10.0,0.0,0.0,0.0,0.0,0.0,0.0,0.0,20,12,0,0,0,0,10.0,0.0,0.0,0.0,0.0,0.0
Shivam Mavi,32,649,942,30,8.71,31.4,21.63,4/21,0,1,0,9,71.88,407,300,9,185,162,9,350,187,12,8.14,6.85,11.23,45.22,20.56,29.17,33.33,18.0,15.58,668,438,16,274,211,14,9.15,7.79,41.75,19.57,27.38,15.07
Shivam Sharma,5,114,165,4,8.68,41.25,28.5,2/26,0,0,0,2,60.0,0,0,0,127,90,4,38,24,0,0.0,8.47,9.5,0.0,31.75,0.0,0.0,22.5,0.0,107,66,2,58,48,2,9.73,7.25,53.5,29.0,33.0,24.0
Shoaib Ahmed,7,102,152,5,8.94,30.4,20.4,2/20,0,0,0,4,42.86,37,18,1,73,66,4,42,18,0,12.33,6.64,14.0,37.0,18.25,0.0,18.0,16.5,0.0,69,36,1,83,66,4,11.5,7.55,69.0,20.75,36.0,16.5
Shoaib Akhtar,3,42,54,5,7.71,10.8,8.4,4/11,0,1,0,1,66.67,54,42,5,0,0,0,0,0,0,7.71,0.0,0.0,10.8,0.0,0.0,8.4,0.0,0.0,0,0,0,54,42,5,0.0,7.71,0.0,10.8,0.0,8.4
Shoaib Malik,5,51,85,2,10.0,42.5,25.5,1/6,0,0,0,3,40.0,0,0,0,60,36,1,25,15,1,0.0,10.0,10.0,0.0,60.0,25.0,0.0,36.0,15.0,17,12,1,68,39,1,8.5,10.46,17.0,68.0,12.0,39.0
Simarjeet Singh,6,108,138,4,7.67,34.5,27.0,2/27,0,0,0,3,50.0,122,90,3,4,6,0,12,12,1,8.13,4.0,6.0,40.67,0.0,12.0,30.0,0.0,12.0,21,12,0,117,96,4,10.5,7.31,0.0,29.25,0.0,24.0
Sohail Tanvir,11,247,266,22,6.46,12.09,11.23,6/14,3,1,0,4,63.64,141,132,6,8,12,0,117,103,16,6.41,4.0,6.82,23.5,0.0,7.31,22.0,0.0,6.44,164,144,14,102,103,8,6.83,5.94,11.71,12.75,10.29,12.88
Sunny Gupta,1,18,47,0,15.67,0.0,0.0,0/47,0,0,0,1,0.0,12,6,0,35,12,0,0,0,0,12.0,17.5,0.0,0.0,0.0,0.0,0.0,0.0,0.0,47,18,0,0,0,0,15.67,0.0,0.0,0.0,0.0,0.0
Swapnil Singh,5,60,90,1,9.0,90.0,60.0,1/14,0,0,0,4,20.0,0,0,0,90,60,1,0,0,0,0.0,9.0,0.0,0.0,90.0,0.0,0.0,60.0,0.0,43,30,1,47,30,0,8.6,9.4,43.0,0.0,30.0,0.0
T Henderson,2,36,40,1,6.67,40.0,36.0,1/30,0,0,0,1,50.0,0,0,0,13,18,1,27,18,0,0.0,4.33,9.0,0.0,13.0,0.0,0.0,18.0,0.0,30,24,1,10,12,0,7.5,5.0,30.0,0.0,24.0,0.0
T Natarajan,35,759,1094,38,8.65,28.79,19.97,3/10,2,0,0,12,65.71,262,198,9,315,258,5,517,303,24,7.94,7.33,10.24,29.11,63.0,21.54,22.0,51.6,12.62,745,534,29,349,225,9,8.37,9.31,25.69,38.78,18.41,25.0
T Shamsi,5,120,181,3,9.05,60.33,40.0,1/21,0,0,0,2,60.0,0,0,0,139,102,2,42,18,1,0.0,8.18,14.0,0.0,69.5,42.0,0.0,51.0,18.0,73,48,1,108,72,2,9.12,9.0,73.0,54.0,48.0,36.0
T Thushara,6,135,161,8,7.16,20.12,16.88,2/16,0,0,0,1,83.33,57,60,3,24,30,1,80,45,4,5.7,4.8,10.67,19.0,24.0,20.0,20.0,30.0,11.25,90,72,4,71,63,4,7.5,6.76,22.5,17.75,18.0,15.75
TA Boult,78,1789,2475,92,8.3,26.9,19.45,4/18,5,1,0,19,75.64,1234,1044,40,267,204,12,974,541,40,7.09,7.85,10.8,30.85,22.25,24.35,26.1,17.0,13.52,1040,744,41,1435,1045,51,8.39,8.24,25.37,28.14,18.15,20.49
TG Southee,52,1170,1663,45,8.53,36.96,26.0,3/20,4,0,0,25,51.92,798,612,17,271,216,10,594,342,18,7.82,7.53,10.42,46.94,27.1,33.0,36.0,21.6,19.0,876,612,22,787,558,23,8.59,8.46,39.82,34.22,27.82,24.26
TK Curran,13,238,430,13,10.84,33.08,18.31,3/29,1,0,0,4,69.23,65,42,1,132,85,5,233,111,7,9.29,9.32,12.59,65.0,26.4,33.29,42.0,17.0,15.86,206,120,6,224,118,7,10.3,11.39,34.33,32.0,20.0,16.86
TL Suman,11,150,197,6,7.88,32.83,25.0,2/14,0,0,0,6,45.45,5,6,0,144,120,5,48,24,1,5.0,7.2,12.0,0.0,28.8,48.0,0.0,24.0,24.0,139,96,3,58,54,3,8.69,6.44,46.33,19.33,32.0,18.0
TM Dilshan,25,271,366,5,8.1,73.2,54.2,1/3,0,0,0,20,20.0,62,42,0,273,204,4,31,25,1,8.86,8.03,7.44,0.0,68.25,31.0,0.0,51.0,25.0,261,192,4,105,79,1,8.16,7.97,65.25,105.0,48.0,79.0
TM Head,5,48,81,2,10.12,40.5,24.0,2/30,0,0,0,4,20.0,0,0,0,54,30,0,27,18,2,0.0,10.8,9.0,0.0,0.0,13.5,0.0,0.0,9.0,11,6,0,70,42,2,11.0,10.0,0.0,35.0,0.0,21.0
TP Sudhindra,3,70,136,1,11.66,136.0,70.0,1/46,0,0,0,2,33.33,40,24,0,47,24,1,49,22,0,10.0,11.75,13.36,0.0,47.0,0.0,0.0,24.0,0.0,46,24,1,90,46,0,11.5,11.74,46.0,0.0,24.0,0.0
TS Mills,10,209,343,11,9.85,31.18,19.0,3/35,1,0,0,3,70.0,103,72,6,131,72,1,109,65,4,8.58,10.92,10.06,17.17,131.0,27.25,12.0,72.0,16.25,188,114,6,155,95,5,9.89,9.79,31.33,31.0,19.0,19.0
TU Deshpande,7,144,255,4,10.62,63.75,36.0,2/37,0,0,0,4,42.86,102,66,1,108,54,2,45,24,1,9.27,12.0,11.25,102.0,54.0,45.0,66.0,27.0,24.0,114,66,1,141,78,3,10.36,10.85,114.0,47.0,66.0,26.0
Tejas Baroka,1,21,33,0,9.43,0.0,0.0,0/33,0,0,0,1,0.0,8,6,0,16,12,0,9,3,0,8.0,8.0,18.0,0.0,0.0,0.0,0.0,0.0,0.0,0,0,0,33,21,0,0.0,9.43,0.0,0.0,0.0,0.0
Tilak Varma,2,12,13,0,6.5,0.0,0.0,0/6,0,0,0,2,0.0,7,6,0,6,6,0,0,0,0,7.0,6.0,0.0,0.0,0.0,0.0,0.0,0.0,0.0,7,6,0,6,6,0,7.0,6.0,0.0,0.0,0.0,0.0
UT Yadav,132,2811,3917,135,8.36,29.01,20.82,4/23,13,3,0,55,58.33,1582,1260,53,1094,837,32,1241,714,50,7.53,7.84,10.43,29.85,34.19,24.82,23.77,26.16,14.28,2570,1813,93,1347,998,42,8.51,8.1,27.63,32.07,19.49,23.76
Umar Gul,6,135,184,12,8.18,15.33,11.25,4/23,1,1,0,1,83.33,38,36,4,60,54,4,86,45,4,6.33,6.67,11.47,9.5,15.0,21.5,9.0,13.5,11.25,81,72,9,103,63,3,6.75,9.81,9.0,34.33,8.0,21.0
Umran Malik,17,368,539,24,8.79,22.46,15.33,5/25,2,1,1,6,64.71,67,24,0,401,295,19,71,49,5,16.75,8.16,8.69,0.0,21.11,14.2,0.0,15.53,9.8,420,264,14,119,104,10,9.55,6.87,30.0,11.9,18.86,10.4
V Kohli,26,251,368,4,8.8,92.0,62.75,2/25,0,0,0,23,11.54,0,0,0,312,225,3,56,26,1,0.0,8.32,12.92,0.0,104.0,56.0,0.0,75.0,26.0,243,177,4,125,74,0,8.24,10.14,60.75,0.0,44.25,0.0
V Pratap Singh,9,204,296,10,8.71,29.6,20.4,2/31,0,0,0,1,88.89,136,96,3,89,66,2,71,42,5,8.5,8.09,10.14,45.33,44.5,14.2,32.0,33.0,8.4,111,66,5,185,138,5,10.09,8.04,22.2,37.0,13.2,27.6
V Sehwag,15,136,235,6,10.37,39.17,22.67,2/18,0,0,0,10,33.33,47,12,0,138,102,4,50,22,2,23.5,8.12,13.64,0.0,34.5,25.0,0.0,25.5,11.0,102,78,4,133,58,2,7.85,13.76,25.5,66.5,19.5,29.0
V Shankar,22,238,344,9,8.67,38.22,26.44,2/19,0,0,0,14,36.36,14,8,0,264,185,7,66,45,2,10.5,8.56,8.8,0.0,37.71,33.0,0.0,26.43,22.5,243,170,8,101,68,1,8.58,8.91,30.38,101.0,21.25,68.0
VG Arora,5,107,164,3,9.2,54.67,35.67,2/21,0,0,0,3,40.0,105,78,3,31,18,0,28,11,0,8.08,10.33,15.27,35.0,0.0,0.0,26.0,0.0,0.0,0,0,0,164,107,3,0.0,9.2,0.0,54.67,0.0,35.67
VR Aaron,50,994,1481,44,8.94,33.66,22.59,3/16,1,0,0,24,52.0,555,384,14,535,402,15,391,208,15,8.67,7.99,11.28,39.64,35.67,26.07,27.43,26.8,13.87,964,660,35,517,334,9,8.76,9.29,27.54,57.44,18.86,37.11
VR Iyer,8,75,115,3,9.2,38.33,25.0,2/29,0,0,0,6,25.0,0,0,0,60,42,1,55,33,2,0.0,8.57,10.0,0.0,60.0,27.5,0.0,42.0,16.5,48,36,2,67,39,1,8.0,10.31,24.0,67.0,18.0,39.0
VRV Singh,18,360,542,12,9.03,45.17,30.0,3/29,1,0,0,9,50.0,134,78,1,250,174,4,158,108,7,10.31,8.62,8.78,134.0,62.5,22.57,78.0,43.5,15.43,277,180,8,265,180,4,9.23,8.83,34.62,66.25,22.5,45.0
VS Malik,13,205,261,6,7.64,43.5,34.17,2/14,0,0,0,8,38.46,155,126,4,94,72,2,12,7,0,7.38,7.83,10.29,38.75,47.0,0.0,31.5,36.0,0.0,145,126,3,116,79,3,6.9,8.81,48.33,38.67,42.0,26.33
VS Yeligati,2,30,59,0,11.8,0.0,0.0,0/16,0,0,0,2,0.0,12,6,0,34,18,0,13,6,0,12.0,11.33,13.0,0.0,0.0,0.0,0.0,0.0,0.0,59,30,0,0,0,0,11.8,0.0,0.0,0.0,0.0,0.0
VY Mahesh,17,339,499,21,8.83,23.76,16.14,4/36,1,1,0,5,70.59,149,78,4,270,198,7,80,63,10,11.46,8.18,7.62,37.25,38.57,8.0,19.5,28.29,6.3,313,222,17,186,117,4,8.46,9.54,18.41,46.5,13.06,29.25
WA Mota,7,72,97,4,8.08,24.25,18.0,1/6,0,0,0,3,57.14,0,0,0,50,48,3,47,24,1,0.0,6.25,11.75,0.0,16.67,47.0,0.0,16.0,24.0,64,54,4,33,18,0,7.11,11.0,16.0,0.0,13.5,0.0
WD Parnell,26,572,701,27,7.35,25.96,21.19,3/27,3,0,0,8,69.23,323,270,10,91,96,2,287,206,15,7.18,5.69,8.36,32.3,45.5,19.13,27.0,48.0,13.73,324,285,12,377,287,15,6.82,7.88,27.0,25.13,23.75,19.13
WPUJC Vaas,13,282,355,18,7.55,19.72,15.67,3/21,1,0,0,2,84.62,204,198,15,57,36,1,94,48,2,6.18,9.5,11.75,13.6,57.0,47.0,13.2,36.0,24.0,110,60,5,245,222,13,11.0,6.62,22.0,18.85,12.0,17.08
Washington Sundar,49,918,1106,33,7.23,33.52,27.82,3/16,2,0,0,26,46.94,418,342,12,597,522,17,91,54,4,7.33,6.86,10.11,34.83,35.12,22.75,28.5,30.71,13.5,538,456,17,568,462,16,7.08,7.38,31.65,35.5,26.82,28.88
Y Gnaneswara Rao,1,6,7,0,7.0,0.0,0.0,0/7,0,0,0,1,0.0,0,0,0,7,6,0,0,0,0,0.0,7.0,0.0,0.0,0.0,0.0,0.0,0.0,0.0,7,6,0,0,0,0,7.0,0.0,0.0,0.0,0.0,0.0
Y Nagar,8,66,125,4,11.36,31.25,16.5,2/20,0,0,0,5,37.5,10,6,0,115,60,4,0,0,0,10.0,11.5,0.0,0.0,28.75,0.0,0.0,15.0,0.0,71,36,1,54,30,3,11.83,10.8,71.0,18.0,36.0,10.0
Y Prithvi Raj,2,30,57,1,11.4,57.0,30.0,1/29,0,0,0,1,50.0,33,12,0,24,18,1,0,0,0,16.5,8.0,0.0,0.0,24.0,0.0,0.0,18.0,0.0,0,0,0,57,30,1,0.0,11.4,0.0,57.0,0.0,30.0
Y Venugopal Rao,20,216,337,6,9.36,56.17,36.0,2/23,0,0,0,16,20.0,67,42,1,217,150,4,53,24,1,9.57,8.68,13.25,67.0,54.25,53.0,42.0,37.5,24.0,184,126,4,153,90,2,8.76,10.2,46.0,76.5,31.5,45.0
YA Abdulla,11,209,307,15,8.81,20.47,13.93,4/31,1,2,0,5,54.55,103,84,7,90,66,2,114,59,6,7.36,8.18,11.59,14.71,45.0,19.0,12.0,33.0,9.83,162,102,9,145,107,6,9.53,8.13,18.0,24.17,11.33,17.83
YBK Jaiswal,1,1,6,0,36.0,0.0,0.0,0/6,0,0,0,1,0.0,0,0,0,0,0,0,6,1,0,0.0,0.0,36.0,0.0,0.0,0.0,0.0,0.0,0.0,0,0,0,6,1,0,0.0,36.0,0.0,0.0,0.0,0.0
YK Pathan,82,1147,1415,42,7.4,33.69,27.31,3/20,3,0,0,54,34.15,395,354,14,896,714,25,124,79,3,6.69,7.53,9.42,28.21,35.84,41.33,25.29,28.56,26.33,818,666,27,597,481,15,7.37,7.45,30.3,39.8,24.67,32.07
YS Chahal,130,2856,3624,166,7.61,21.83,17.2,5/40,11,3,1,31,76.15,514,386,16,2437,2025,107,673,445,43,7.99,7.22,9.07,32.12,22.78,15.65,24.12,18.93,10.35,1632,1243,73,1992,1613,93,7.88,7.41,22.36,21.42,17.03,17.34
Yash Dayal,9,192,296,11,9.25,26.91,17.45,3/40,1,0,0,2,77.78,140,90,5,76,48,3,80,54,3,9.33,9.5,8.89,28.0,25.33,26.67,18.0,16.0,18.0,155,108,4,141,84,7,8.61,10.07,38.75,20.14,27.0,12.0
Yuvraj Singh,73,869,1077,36,7.44,29.92,24.14,4/29,2,2,0,52,28.77,0,0,0,925,756,30,152,113,6,0.0,7.34,8.07,0.0,30.83,25.33,0.0,25.2,18.83,545,438,16,532,431,20,7.47,7.41,34.06,26.6,27.38,21.55
Z Khan,99,2200,2782,103,7.59,27.01,21.36,4/17,9,1,0,35,64.65,1452,1292,53,414,301,13,916,607,37,6.74,8.25,9.05,27.4,31.85,24.76,24.38,23.15,16.41,1526,1203,51,1256,997,52,7.61,7.56,29.92,24.15,23.59,19.17
